品目番号,品目名称,在庫ウエイト,2018CY,2019CY,2020CY,2021CY,2022CY,2023CY,2024CY,2025CY,2018FY,2019FY,2020FY,2021FY,2022FY,2023FY,2024FY,2018Q1,2018Q2,2018Q3,2018Q4,2019Q1,2019Q2,2019Q3,2019Q4,2020Q1,2020Q2,2020Q3,2020Q4,2021Q1,2021Q2,2021Q3,2021Q4,2022Q1,2022Q2,2022Q3,2022Q4,2023Q1,2023Q2,2023Q3,2023Q4,2024Q1,2024Q2,2024Q3,2024Q4,2025Q1,2025Q2,2025Q3,2025Q4
1000000000,鉱工業,10000.0,100.5,101,92.6,98.5,101.2,100.7,98.8,96,98.6,101,91.2,98.4,100.6,99.6,99,99.6,103,101.8,100.5,98.6,104.9,101.8,101,101,100.9,95.7,92.6,91.2,96.1,96.7,98.5,98.4,100.6,102.7,101.2,100.6,106.3,102.7,100.7,99.6,103.5,101.5,98.8,99,100.4,99.2,96
1100000000,製造工業,9985.0,100.6,101,92.5,98.5,101.2,100.7,98.8,96,98.6,101,91.2,98.4,100.6,99.6,99,99.6,103,101.8,100.6,98.6,104.9,101.8,101,101,100.9,95.7,92.5,91.2,96.1,96.7,98.5,98.4,100.6,102.8,101.2,100.6,106.3,102.7,100.7,99.6,103.5,101.5,98.8,99,100.5,99.2,96
1101000000,鉄鋼・非鉄金属工業,1538.6,104.1,108.1,92,107.6,107.7,97.4,98.5,94.6,99.7,106.9,93.6,106.3,102,99.5,98.7,100.5,105.2,110.3,104.1,99.7,110.3,107.8,108.1,106.9,102.6,92.8,92,93.6,100.2,102.9,107.6,106.3,108.5,108.8,107.7,102,102.7,98.9,97.4,99.5,101.3,100.9,98.5,98.7,97.5,94.7,94.6
1101100000,鉄鋼業,1209.0,103.8,108.4,90.3,106.5,101.6,94.6,93,87.8,100,107.9,91.6,104.7,96.9,96,92.2,100.1,106.5,111.7,103.8,100,112.3,109.1,108.4,107.9,102,92,90.3,91.6,99.1,101.8,106.5,104.7,104.8,106.7,101.6,96.9,97.6,95.4,94.6,96,97.5,96.1,93,92.2,92.9,89.4,87.8
1101101000,鉄鋼粗製品,553.0,96.2,107.3,85.6,101.8,100.4,97.3,98,81.1,91.7,107.6,85.9,101.6,97.1,94.3,94.2,91.9,95.4,96.7,96.2,91.7,105.7,106.2,107.3,107.6,105.9,90.6,85.6,85.9,94.1,91.5,101.8,101.6,103,106.1,100.4,97.1,96.7,95,97.3,94.3,98.2,93.6,98,94.2,94.1,85.7,81.1
1101102000,熱間圧延鋼材,372.0,111.1,108.9,97,113,102.8,92.9,88.4,92.4,107.5,104.6,98.7,105.5,96.5,99,92.1,105.9,114.7,125.1,111.1,107.5,119.4,108.2,108.9,104.6,97,95.7,97,98.7,105.8,111.8,113,105.5,107.1,107.6,102.8,96.5,99.3,96.1,92.9,99,96.3,97.5,88.4,92.1,89.9,90.2,92.4
1101103000,冷間仕上鋼材,113.6,105.8,105.3,93.8,112.7,109.6,92.4,88.9,95.5,106.9,115.2,92.7,117.7,103.9,97.5,90.1,101.5,111.7,123.1,105.8,106.9,116,114,105.3,115.2,95.8,92.8,93.8,92.7,103.2,115.5,112.7,117.7,115.5,115.8,109.6,103.9,97.5,98.1,92.4,97.5,102.1,103.8,88.9,90.1,97.4,97.4,95.5
1101104000,鋼管,81.8,118.7,121.2,84.6,96,97.5,87.4,86.1,86.5,108.6,112.4,92.7,100.7,87.2,84.8,82.6,123.1,125.4,123.2,118.7,108.6,119.7,121.5,121.2,112.4,112,83.1,84.6,92.7,95,91.2,96,100.7,96.4,95.8,97.5,87.2,92.3,89.4,87.4,84.8,91.5,87.9,86.1,82.6,86.6,84.6,86.5
1101105000,めっき鋼材,65.5,101.4,104.9,91,112.1,96.4,89.8,89.9,99.6,102.7,112.6,93.7,108,94.5,101.6,87.9,105.1,121.2,129.8,101.4,102.7,114.6,116.8,104.9,112.6,96.1,90.9,91,93.7,99.6,119.5,112.1,108,98,105.7,96.4,94.5,99.3,94.1,89.8,101.6,96.9,104.7,89.9,87.9,96,102.9,99.6
1101106000,鋳鍛造品,23.1,111.6,107.6,96.3,105,104.8,103.5,100.8,104.2,107,105.4,97.9,106.5,106.5,102.8,104.1,101.8,105,107.5,111.6,107,107.3,102.9,107.6,105.4,99.4,95.8,96.3,97.9,102.1,105.6,105,106.5,106.2,102.5,104.8,106.5,104.6,103.5,103.5,102.8,101.7,100.4,100.8,104.1,102.5,101.8,104.2
1101200000,非鉄金属工業,329.6,105.4,106.9,98.3,111.5,129.8,107.7,118.5,119.7,98.6,103,100.7,112.2,120.9,112.4,122.6,102.1,100.4,105.1,105.4,98.6,103,102.9,106.9,103,104.8,95.7,98.3,100.7,104.2,107,111.5,112.2,122.2,116.4,129.8,120.9,121.8,111.7,107.7,112.4,115.1,118.6,118.5,122.6,114.6,114.4,119.7
1101201000,非鉄金属精錬・精製品,135.7,112,112.3,97.6,111,123.3,88.3,115.6,97.2,98.3,108.3,104.1,106.2,117.5,102.3,118.5,111.6,100.9,113.7,112,98.3,106.5,107.2,112.3,108.3,106.2,96.5,97.6,104.1,110.4,113.1,111,106.2,118.8,113.9,123.3,117.5,119.7,100,88.3,102.3,105.1,105.5,115.6,118.5,98.4,99.5,97.2
1101202000,非鉄金属圧延製品,95.3,102.4,104,99.3,103.7,109.4,104.7,104.7,109.3,100.4,99.9,94.1,98.3,105.4,104.1,100.5,92,97,97.5,102.4,100.4,102.2,101.3,104,99.9,102,96.4,99.3,94.1,92.4,90,103.7,98.3,104.8,101.6,109.4,105.4,104.3,101.1,104.7,104.1,102.7,100.6,104.7,100.5,102.8,105.6,109.3
1101203000,電線・ケーブル,98.6,99.1,102.4,98.3,119.7,158.4,137.3,135.8,160.5,97.3,98.7,102.4,134,140.6,134.4,149.4,98.8,102.9,100.8,99.1,97.3,99,98.5,102.4,98.7,105.6,94.1,98.3,102.4,107.2,115.2,119.7,134,143.6,134.1,158.4,140.6,141.5,137.8,137.3,134.4,140.9,154.1,135.8,149.4,148.3,143.3,160.5
1101204000,非鉄金属鋳物,0.0,***,***,***,***,***,***,***,***,***,***,***,***,***,***,***,***,***,***,***,***,***,***,***,***,***,***,***,***,***,***,***,***,***,***,***,***,***,***,***,***,***,***,***,***,***,***,***
1102000000,金属製品工業,469.3,91.3,93.9,84.4,80.9,95.1,94.9,90.7,87.1,96.8,97,86.6,86.5,103.4,98.8,90.6,88.6,103.2,105,91.3,96.8,107.4,103.5,93.9,97,106.7,103.8,84.4,86.6,97.3,94.1,80.9,86.5,97.2,99.7,95.1,103.4,110.9,110.4,94.9,98.8,104.6,102.8,90.7,90.6,97.1,98,87.1
1102001000,建設用金属製品,0.0,***,***,***,***,***,***,***,***,***,***,***,***,***,***,***,***,***,***,***,***,***,***,***,***,***,***,***,***,***,***,***,***,***,***,***,***,***,***,***,***,***,***,***,***,***,***,***
1102002000,建築用金属製品,90.4,100.4,107.9,85.5,86.9,94.5,85.2,80.6,80.1,104.4,104.7,89.1,87.7,97,84.8,77,97.8,109.3,106.6,100.4,104.4,111,107.5,107.9,104.7,104.7,95.4,85.5,89.1,92.6,92,86.9,87.7,95.7,96.4,94.5,97,98.8,95.8,85.2,84.8,85.3,84.1,80.6,77,82.4,83.6,80.1
1102003000,暖房・調理等装置,141.5,84.1,81,68.1,54.3,75.1,85,83.6,75.3,88.7,88.4,72.4,64,99.7,96.6,87,68.7,108.4,120.3,84.1,88.7,117.2,111.3,81,88.4,113.4,116.9,68.1,72.4,104,91.4,54.3,64,84.8,91.8,75.1,99.7,122.7,127.6,85,96.6,112.8,114.2,83.6,87,98.2,107.1,75.3
1102004000,粉末冶金製品,33.2,86.7,99.3,95.7,105.5,124.4,139.1,131.4,106.9,94.2,100.4,88.8,99.9,131.2,136.2,126.9,86.4,81,80.1,86.7,94.2,96.6,100.9,99.3,100.4,102.8,98.3,95.7,88.8,91.1,95.6,105.5,99.9,109,117.5,124.4,131.2,136.9,138.9,139.1,136.2,133.7,133.3,131.4,126.9,123.1,118.8,106.9
1102005000,金属線製品,36.6,95.8,97,96.5,84.6,94.1,99.1,99.1,95.9,90.1,101.3,90.5,90.8,96.7,93,100.6,92.6,92.4,93.3,95.8,90.1,90.3,90.6,97,101.3,100.8,98.3,96.5,90.5,88.5,85.3,84.6,90.8,91.1,88.3,94.1,96.7,99.9,97.7,99.1,93,94.4,95.8,99.1,100.6,101.7,93.3,95.9
1102006000,缶類,137.3,91.8,95.2,93.2,94.1,107.3,99.1,90.9,94,102.6,97.9,96.2,100.9,105.7,102.1,90.2,102.1,103.7,99.6,91.8,102.6,104.3,98.5,95.2,97.9,103.4,100.3,93.2,96.2,98.2,99.4,94.1,100.9,108.8,109.3,107.3,105.7,104.9,102.1,99.1,102.1,105.1,98.8,90.9,90.2,98.3,94.9,94
1102007000,その他の金属製品,30.3,95.2,97.1,91,95.4,103.6,98.4,98.5,99.8,96.3,100.7,93.7,102.9,107,101.7,98,91,95.3,94.2,95.2,96.3,98.3,96.7,97.1,100.7,107.7,95.7,91,93.7,93.7,98,95.4,102.9,101.3,97.8,103.6,107,103.7,95.7,98.4,101.7,101.5,99,98.5,98,96.1,95.6,99.8
1103000000,生産用機械工業,757.5,98.3,103.3,90.3,102.5,100,110.5,107.4,97.9,92,98.5,87.3,96.9,97.9,107.1,103.2,92.7,96.9,96.6,98.3,92,106.4,99.5,103.3,98.5,101.3,93.9,90.3,87.3,93.1,92.5,102.5,96.9,93.8,97.6,100,97.9,113.1,110.7,110.5,107.1,114.8,111.3,107.4,103.2,102.9,104.4,97.9
1103001000,農業用機械,81.5,86.7,87.1,72.6,89,78.8,101.4,63.9,47.2,99.2,105.6,84.3,104.2,78.1,92.5,63.3,108,111.8,95,86.7,99.2,111,90.9,87.1,105.6,114.8,85.2,72.6,84.3,81.4,78.7,89,104.2,80.3,78.1,78.8,78.1,102.8,102.6,101.4,92.5,95.8,75.4,63.9,63.3,53,40.7,47.2
1103002000,建設・鉱山機械,246.2,107.5,104.3,94.5,105.9,88.7,103.2,109.6,108.3,86.9,95.1,86.8,88.2,88.3,101.5,119.4,77,92.4,100.9,107.5,86.9,111.1,98.5,104.3,95.1,101.5,90.8,94.5,86.8,94.6,88.5,105.9,88.2,87.2,85.3,88.7,88.3,103.4,103.9,103.2,101.5,121.8,115.7,109.6,119.4,115.7,124.3,108.3
1103003000,生活関連産業用機械,0.0,***,***,***,***,***,***,***,***,***,***,***,***,***,***,***,***,***,***,***,***,***,***,***,***,***,***,***,***,***,***,***,***,***,***,***,***,***,***,***,***,***,***,***,***,***,***,***
1103004000,基礎素材産業用機械,0.0,***,***,***,***,***,***,***,***,***,***,***,***,***,***,***,***,***,***,***,***,***,***,***,***,***,***,***,***,***,***,***,***,***,***,***,***,***,***,***,***,***,***,***,***,***,***,***
1103005000,金属加工機械,198.8,101,108.6,90.5,100.8,115.4,126.4,123.1,110.9,93.8,97.3,84.8,102.8,112.6,116.3,108.1,95,104,100.5,101,93.8,109.8,103.1,108.6,97.3,98,92.7,90.5,84.8,92.3,91.4,100.8,102.8,108.4,115.5,115.4,112.6,133.7,128.8,126.4,116.3,127.1,124,123.1,108.1,114.9,119.1,110.9
1103006000,半導体・フラットパネルディスプレイ製造装置,0.0,***,***,***,***,***,***,***,***,***,***,***,***,***,***,***,***,***,***,***,***,***,***,***,***,***,***,***,***,***,***,***,***,***,***,***,***,***,***,***,***,***,***,***,***,***,***,***
1103007000,機械工具,231.0,90.4,103.5,91.8,104.9,106.3,107.8,106.8,93.6,93.4,100.5,91.1,98.6,102.3,110.4,95.9,101.8,90.3,89,90.4,93.4,96.8,100.5,103.5,100.5,99,101.5,91.8,91.1,96.3,102.7,104.9,98.6,93,102.1,106.3,102.3,109.4,105.3,107.8,110.4,103.4,108.5,106.8,95.9,96.4,93.2,93.6
1103008000,その他の生産用機械,0.0,***,***,***,***,***,***,***,***,***,***,***,***,***,***,***,***,***,***,***,***,***,***,***,***,***,***,***,***,***,***,***,***,***,***,***,***,***,***,***,***,***,***,***,***,***,***,***
1104000000,汎用・業務用機械工業,512.8,99.6,98.1,98,108.2,118.1,128.4,134.4,134,96.5,96,98.1,108.1,121.3,125.9,131.5,82.9,90.2,92.5,99.6,96.5,99.1,96,98.1,96,104.4,98.2,98,98.1,100.3,107.2,108.2,108.1,111.5,113.4,118.1,121.3,128.2,125.6,128.4,125.9,132.1,127.6,134.4,131.5,131.9,129.8,134
1104100000,汎用機械工業,297.6,105.1,100.9,94.3,108.7,110.6,109,112.1,107.4,100.5,101.2,95.8,105.6,108.3,106.3,109,87.7,94.8,99.4,105.1,100.5,105.3,102.4,100.9,101.2,104,94.7,94.3,95.8,102.4,107.3,108.7,105.6,109.2,108.6,110.6,108.3,114.6,108.8,109,106.3,107.5,104.9,112.1,109,107.6,105.3,107.4
1104101000,ボイラ・原動機,38.7,118.5,102.2,89.3,127,126.9,136.4,158.4,120.8,93.6,95,84.1,94,130.3,114.9,148.6,88.9,103,137.5,118.5,93.6,120.3,104.8,102.2,95,113.3,95.3,89.3,84.1,112.3,119.1,127,94,114.8,126,126.9,130.3,154.2,137.8,136.4,114.9,128.6,127.1,158.4,148.6,118.3,121.5,120.8
1104102000,ポンプ・圧縮機器,44.8,84.5,104.5,99,92.4,100.9,100.8,98.6,102.1,90.6,100.7,101.6,98.4,99.9,100.2,103.5,79,86.5,77.9,84.5,90.6,101.8,95,104.5,100.7,99.7,98,99,101.6,106.8,96.3,92.4,98.4,96.5,96.8,100.9,99.9,105.2,96.8,100.8,100.2,99.6,95.7,98.6,103.5,106.5,96.9,102.1
1104103000,運搬装置,0.0,***,***,***,***,***,***,***,***,***,***,***,***,***,***,***,***,***,***,***,***,***,***,***,***,***,***,***,***,***,***,***,***,***,***,***,***,***,***,***,***,***,***,***,***,***,***,***
1104104000,冷凍機・温湿調整装置,43.8,91.9,100.6,93.8,110.9,98.5,90.8,87,97.1,96.9,101.2,88.5,108,90.5,88,78.7,85.7,89.6,87.6,91.9,96.9,100,99.4,100.6,101.2,101.9,95.2,93.8,88.5,92,106.2,110.9,108,101,102.9,98.5,90.5,95.7,94.8,90.8,88,82,85.7,87,78.7,81.7,88.3,97.1
1104105000,汎用機械器具部品,170.3,110.9,99.7,94.4,108.3,112.6,109.6,111.6,108.4,105.7,102.8,98.9,109.5,110.1,110.7,109.3,90.3,96.5,99.4,110.9,105.7,104.1,104.5,99.7,102.8,103.6,93.5,94.4,98.9,101.6,107.7,108.3,109.5,113.4,109.3,112.6,110.1,112.9,108.9,109.6,110.7,111.3,107.2,111.6,109.3,112.2,108.2,108.4
1104200000,業務用機械工業,215.2,91.9,94.3,103,107.5,128.5,155.1,165.2,170.7,90.9,88.7,101.2,111.5,139.2,152.9,162.5,76.3,83.9,83,91.9,90.9,90.5,87.1,94.3,88.7,105,103.1,103,101.2,97.4,107.2,107.5,111.5,114.6,120.1,128.5,139.2,147,149,155.1,152.9,166.1,159.1,165.2,162.5,165.4,163.7,170.7
1104201000,事務用機器,29.2,102.5,112,91.4,103,131.4,117.4,124.3,131.3,120.4,81.8,112.9,112.2,137.9,92.4,125.2,69.1,82.4,76.2,102.5,120.4,102.7,103.8,112,81.8,120.6,101,91.4,112.9,85,108.4,103,112.2,92.7,128.6,131.4,137.9,133.1,128.6,117.4,92.4,95.6,105.6,124.3,125.2,126.9,120.8,131.3
1104202000,サービス用機器,15.9,85.2,93.9,105.1,48.6,41.7,45.2,43.3,55.8,73.5,106.3,72.7,52.5,42,48.6,54.2,95.3,99.9,97.9,85.2,73.5,96.1,78.2,93.9,106.3,97.3,79.8,105.1,72.7,67.1,63.5,48.6,52.5,56.5,52.7,41.7,42,46.9,46.1,45.2,48.6,54.2,38.5,43.3,54.2,66.3,58.3,55.8
1104203000,計測機器,27.6,77.5,87.6,118.6,150.2,192.5,257.2,193.1,236.6,73.8,72.8,106.6,158.3,214.4,234.2,207,72.1,69.9,61,77.5,73.8,86.8,76.9,87.6,72.8,99,115,118.6,106.6,110.6,143.5,150.2,158.3,169.2,174.6,192.5,214.4,229.2,249.7,257.2,234.2,226.6,187.5,193.1,207,212.8,213.7,236.6
1104204000,分析機器・試験機,30.4,103,95.7,98.3,117.4,148.5,231,415,384.2,94.3,83.5,100.4,117.7,169,298.9,377.8,97.5,104,103.8,103,94.3,98.8,89.7,95.7,83.5,101.1,103.5,98.3,100.4,114,123.9,117.4,117.7,138.3,140,148.5,169,190.7,206.6,231,298.9,398.8,398.1,415,377.8,386.6,381.2,384.2
1104205000,光学機器・レンズ,112.1,90.5,91.1,103.1,103.9,118.8,134.9,118.6,123.2,89,93.3,101,106.6,126.7,123.9,118.2,70.8,79.9,82.4,90.5,89,85.3,85.8,91.1,93.3,104.6,103.9,103.1,101,97.2,99.5,103.9,106.6,108.8,108.6,118.8,126.7,132.7,128.5,134.9,123.9,122.3,118.3,118.6,118.2,117.8,118.5,123.2
1105000000,電子部品・デバイス工業,479.0,107.7,92.6,85.3,103.4,118.7,88.9,76.7,78.9,104,100.5,73.7,105.5,116.5,77.4,75.1,105.1,117,117.6,107.7,104,101.1,95.3,92.6,100.5,97.6,89.1,85.3,73.7,81.5,94.3,103.4,105.5,111.9,113.2,118.7,116.5,111.1,90.4,88.9,77.4,78.5,76.6,76.7,75.1,73,77.1,78.9
1105001000,集積回路（ＩＣ）,270.1,108.2,89.4,95,108.5,138.9,97.4,89.5,97.2,107.7,99.2,78.6,108.1,120.1,88.5,92.8,119.7,119.3,118,108.2,107.7,96.1,97.2,89.4,99.2,102.4,98.4,95,78.6,83.3,93.8,108.5,108.1,115.6,119.8,138.9,120.1,111.9,102,97.4,88.5,87.8,86.7,89.5,92.8,90.2,94.1,97.2
1105002000,電子デバイス,208.9,107.2,96.7,72.6,96.8,92.6,78,60.1,55.3,99.1,102.1,67.3,102.3,111.8,63,52.2,86.3,114.1,117,107.2,99.1,107.6,92.8,96.7,102.1,91.4,77,72.6,67.3,79.2,95,96.8,102.3,107,104.7,92.6,111.8,110,75.3,78,63,66.5,63.6,60.1,52.2,50.8,55,55.3
1105003000,電子部品,0.0,***,***,***,***,***,***,***,***,***,***,***,***,***,***,***,***,***,***,***,***,***,***,***,***,***,***,***,***,***,***,***,***,***,***,***,***,***,***,***,***,***,***,***,***,***,***,***
1105004000,電子回路,0.0,***,***,***,***,***,***,***,***,***,***,***,***,***,***,***,***,***,***,***,***,***,***,***,***,***,***,***,***,***,***,***,***,***,***,***,***,***,***,***,***,***,***,***,***,***,***,***
1105005000,その他の電子部品,0.0,***,***,***,***,***,***,***,***,***,***,***,***,***,***,***,***,***,***,***,***,***,***,***,***,***,***,***,***,***,***,***,***,***,***,***,***,***,***,***,***,***,***,***,***,***,***,***
1106000000,電気・情報通信機械工業,621.6,108.9,101.3,96.1,103,118.4,107.6,117.8,121.9,95.9,88.5,94.9,104.6,107.9,101.5,117.3,97.5,111.6,101.7,108.9,95.9,115.9,94.7,101.3,88.5,103.9,91.9,96.1,94.9,107.8,107.2,103,104.6,114.9,117.4,118.4,107.9,126.9,105,107.6,101.5,120.5,110.1,117.8,117.3,125.2,128.4,121.9
1106100000,電気機械工業,480.9,100.6,97.2,95.2,106.4,126.1,109.9,122.3,113.1,88.2,88.3,94.6,110.9,113.3,98.5,109.7,93.1,110.1,94.5,100.6,88.2,113.8,92.8,97.2,88.3,107.9,92.6,95.2,94.6,112.7,115.4,106.4,110.9,122.9,127.6,126.1,113.3,135.5,108.9,109.9,98.5,125,114,122.3,109.7,117.7,122.8,113.1
1106101000,回転電気機械,0.0,***,***,***,***,***,***,***,***,***,***,***,***,***,***,***,***,***,***,***,***,***,***,***,***,***,***,***,***,***,***,***,***,***,***,***,***,***,***,***,***,***,***,***,***,***,***,***
1106102000,開閉制御装置・機器,0.0,***,***,***,***,***,***,***,***,***,***,***,***,***,***,***,***,***,***,***,***,***,***,***,***,***,***,***,***,***,***,***,***,***,***,***,***,***,***,***,***,***,***,***,***,***,***,***
1106103000,その他の産業用電気機械,9.2,96.7,104.7,118.6,90.4,114,98.5,88.9,98.8,99.5,97,116,96.9,110.4,99.8,93.6,102.1,95.2,102.3,96.7,99.5,88.8,99,104.7,97,95.3,100.4,118.6,116,99.5,93.5,90.4,96.9,97,110.3,114,110.4,101.1,96.2,98.5,99.8,95.4,91.8,88.9,93.6,99.3,106.4,98.8
1106104000,家事用機器,65.1,108.9,91.6,98.4,107.9,138.7,107.7,95.7,109.4,106.7,76.7,93.7,105.3,118.6,99,88.7,111.7,122.6,87.2,108.9,106.7,141.5,88.1,91.6,76.7,111,88,98.4,93.7,118.9,110,107.9,105.3,97.8,119,138.7,118.6,144.3,103.7,107.7,99,116.8,87.3,95.7,88.7,105.5,94.1,109.4
1106105000,空調・住宅関連機器,113.3,83.3,89.3,82.4,108.8,118.7,107.3,93.8,98.5,88.4,91.9,91.3,96.8,107.9,98.7,92.2,69.7,119.2,67.3,83.3,88.4,131.7,78.3,89.3,91.9,125,77.2,82.4,91.3,123.7,109.9,108.8,96.8,124.5,99.4,118.7,107.9,171.6,95.6,107.3,98.7,137.3,86.3,93.8,92.2,135,89.6,98.5
1106106000,配線・電球・照明器具,169.4,100.2,102,95.3,94.8,114.2,103.2,93.3,90.2,90.6,92,88.8,102.9,97.3,89.8,89.2,89.9,97.5,100.4,100.2,90.6,96.9,99.8,102,92,104.1,102.6,95.3,88.8,94.4,96,94.8,102.9,113.1,115.7,114.2,97.3,102.8,102.4,103.2,89.8,96.7,94.5,93.3,89.2,94,91.2,90.2
1106107000,電池,120.7,112.4,99.6,102.9,120.9,143.7,124.3,206.8,161,73.6,85.2,104.8,140.2,139.2,110.1,166.5,108.7,112.9,115.4,112.4,73.6,107.4,97.5,99.6,85.2,96.6,95.1,102.9,104.8,126.1,152.9,120.9,140.2,151.1,177.3,143.7,139.2,146.1,134.4,124.3,110.1,160.3,183.6,206.8,166.5,141.6,214.2,161
1106108000,電子応用装置,0.0,***,***,***,***,***,***,***,***,***,***,***,***,***,***,***,***,***,***,***,***,***,***,***,***,***,***,***,***,***,***,***,***,***,***,***,***,***,***,***,***,***,***,***,***,***,***,***
1106109000,電気計測器,3.2,132.2,121.5,111.4,102.3,124.9,94.3,126,155,99.9,89.1,96.1,80.6,81.1,92.6,148.2,102.7,137.3,86.7,132.2,99.9,124.5,135.9,121.5,89.1,103.7,85.3,111.4,96.1,94.9,94.2,102.3,80.6,112.2,110.2,124.9,81.1,105.2,100.3,94.3,92.6,106.1,105.1,126,148.2,155,157.3,155
1106200000,情報通信機械工業,140.7,137.4,115.5,99.4,91.3,92.2,99.9,102.3,151.8,122.2,89.4,95.8,83.2,89.1,111.9,143.3,112.4,116.6,126.3,137.4,122.2,123.3,101.2,115.5,89.4,90,89.3,99.4,95.8,91.2,79.1,91.3,83.2,87.6,82.3,92.2,89.1,97.8,91.9,99.9,111.9,105.1,96.7,102.3,143.3,150.9,147.6,151.8
1106201000,有線通信機器,0.0,***,***,***,***,***,***,***,***,***,***,***,***,***,***,***,***,***,***,***,***,***,***,***,***,***,***,***,***,***,***,***,***,***,***,***,***,***,***,***,***,***,***,***,***,***,***,***
1106202000,無線通信機器,30.1,148,114.8,104.9,123.9,123.6,120.8,143.5,151.7,138.2,86.5,137.1,108.4,122.2,126.9,143.1,98.3,107.6,138,148,138.2,127.4,105.3,114.8,86.5,95.9,95.7,104.9,137.1,149,127.8,123.9,108.4,105.8,103,123.6,122.2,134.8,129.9,120.8,126.9,132.8,135.8,143.5,143.1,154.3,143.9,151.7
1106203000,民生用電子機械,87.2,151.1,123.2,98.7,91.7,93.3,104.6,97,100.8,136.1,98.1,93.9,82.5,90.8,122.8,98.8,126,129.8,139.4,151.1,136.1,128.4,108.3,123.2,98.1,94.2,94.1,98.7,93.9,82.4,71.9,91.7,82.5,86.7,82,93.3,90.8,100.1,92.4,104.6,122.8,110.7,93.5,97,98.8,102.7,99.9,100.8
1106204000,電子計算機,23.4,72.4,87.9,95,47.8,47.5,55.3,68.8,341.8,50.1,60.3,49.9,53.3,40.5,52,309.2,80,79.1,62.3,72.4,50.1,99.2,69.8,87.9,60.3,67.1,63.3,95,49.9,49.6,43.5,47.8,53.3,67.4,56.5,47.5,40.5,41.2,41.3,55.3,52,48.6,58.1,68.8,309.2,326.3,330.2,341.8
1106205000,情報端末装置,0.0,***,***,***,***,***,***,***,***,***,***,***,***,***,***,***,***,***,***,***,***,***,***,***,***,***,***,***,***,***,***,***,***,***,***,***,***,***,***,***,***,***,***,***,***,***,***,***
1107000000,輸送機械工業,606.2,106.4,99.2,107.3,101.7,104.3,117.2,101.6,95.7,98.7,100,104,103.1,117.9,119.8,111,109.1,111.5,108.5,106.4,98.7,109.1,110.2,99.2,100,71.8,100.7,107.3,104,113.8,93.2,101.7,103.1,116.9,134.3,104.3,117.9,130.1,127.5,117.2,119.8,131.8,129.8,101.6,111,114.2,113.5,95.7
1107100000,自動車工業,591.7,105.7,98.6,107.7,101.2,103.6,117,101.4,95.7,97.1,100.5,104.5,102.7,117.6,119.6,111.2,109.2,110.3,106.3,105.7,97.1,105.1,107.3,98.6,100.5,71.1,100.7,107.7,104.5,113.7,92.6,101.2,102.7,115.7,133.8,103.6,117.6,128.1,126.3,117,119.6,130.5,129.3,101.4,111.2,113.2,113.3,95.7
1107101000,乗用車,443.1,103.1,96.1,109.6,80.9,93,114.7,97.8,91.2,97.2,104,98,83.7,115.2,121.7,107.4,109,107.5,99.6,103.1,97.2,104.4,108.5,96.1,104,66.5,102.9,109.6,98,102.6,77.8,80.9,83.7,108.5,124.8,93,115.2,121.7,123.6,114.7,121.7,129.5,129.6,97.8,107.4,111.2,110.5,91.2
1107102000,トラック,114.8,103.9,110.3,100.7,160.6,130.9,115.4,110.1,103.4,95.1,89.9,118.7,166,122.3,103.1,115.6,100.9,112.8,120,103.9,95.1,111.9,105.6,110.3,89.9,80.1,95.6,100.7,118.7,145.1,140.7,160.6,166,143.5,156.2,130.9,122.3,143.2,124.9,115.4,103.1,132.9,125.4,110.1,115.6,114.9,122.1,103.4
1107103000,車体・自動車部品,2.6,126.3,104.9,98.3,100.5,93.9,93.8,88.3,69.8,109.3,104.7,98.6,115.3,94.9,92,85.3,114.1,108.6,122.1,126.3,109.3,115.2,100.4,104.9,104.7,101.2,101.2,98.3,98.6,99.5,95.9,100.5,115.3,91.7,91.6,93.9,94.9,98.2,96,93.8,92,92.1,93.4,88.3,85.3,82.7,73.9,69.8
1107104000,二輪自動車,31.2,147.9,89.8,108.1,171.6,154.7,157.1,122.2,134,102.2,90,144.6,138.8,136.6,152.9,150.5,142.6,141,149.3,147.9,102.2,87.8,98.3,89.8,90,100.8,88.5,108.1,144.6,157.8,125.1,171.6,138.8,117.9,181.7,154.7,136.6,165.8,172.1,157.1,152.9,140,141.1,122.2,150.5,138.2,123.5,134
1107200000,輸送機械工業（除．自動車工業）,14.5,132.6,124.4,91.3,119.7,133.3,125.4,109.2,95,166.5,78.8,83.9,119.8,129,129,103.6,103.9,161.1,199.7,132.6,166.5,275,228.4,124.4,78.8,102.8,98.4,91.3,83.9,116.3,120.3,119.7,119.8,166.3,157.7,133.3,129,212,175.4,125.4,129,181.8,152.5,109.2,103.6,151.4,123.1,95
1107201000,産業車両,14.5,132.6,124.4,91.3,119.7,133.3,125.4,109.2,95,166.5,78.8,83.9,119.8,129,129,103.6,103.9,161.1,199.7,132.6,166.5,275,228.4,124.4,78.8,102.8,98.4,91.3,83.9,116.3,120.3,119.7,119.8,166.3,157.7,133.3,129,212,175.4,125.4,129,181.8,152.5,109.2,103.6,151.4,123.1,95
1107202000,航空機部品,0.0,***,***,***,***,***,***,***,***,***,***,***,***,***,***,***,***,***,***,***,***,***,***,***,***,***,***,***,***,***,***,***,***,***,***,***,***,***,***,***,***,***,***,***,***,***,***,***
1107203000,船舶・同機関,0.0,***,***,***,***,***,***,***,***,***,***,***,***,***,***,***,***,***,***,***,***,***,***,***,***,***,***,***,***,***,***,***,***,***,***,***,***,***,***,***,***,***,***,***,***,***,***,***
1108000000,窯業・土石製品工業,440.2,98.9,100.9,93.9,97.5,101.3,98.9,94.2,93.7,99.2,101.1,92.5,98.6,100.6,99.3,94.2,97.3,99.6,100.6,98.9,99.2,102.2,101.1,100.9,101.1,104.1,97.6,93.9,92.5,94.1,96.9,97.5,98.6,101.4,101.1,101.3,100.6,102.5,100.6,98.9,99.3,97.2,96.1,94.2,94.2,95.1,94,93.7
1108001000,ガラス・同製品,137.6,104.6,99.4,89.5,96.6,101.3,99.2,93.6,94.7,105.4,103.5,89.5,100,101.4,103.1,94.1,102.3,104.2,107.1,104.6,105.4,104.7,102.5,99.4,103.5,106.5,95.8,89.5,89.5,92.6,100.8,96.6,100,99.9,101.9,101.3,101.4,102.2,101.2,99.2,103.1,97.4,94.7,93.6,94.1,97.2,95.7,94.7
1108002000,セメント・同製品,131.4,98.5,102.4,98.3,97.8,99.6,96.5,96.3,94.5,97.4,100.8,94.3,94.6,95.6,97.1,94.7,97.3,97.8,100,98.5,97.4,102.3,101.6,102.4,100.8,100.9,99.4,98.3,94.3,95.7,96.9,97.8,94.6,100.5,99.3,99.6,95.6,98.2,97.2,96.5,97.1,96.4,97.1,96.3,94.7,94.9,93.9,94.5
1108003000,陶磁器・同関連製品,103.0,96.8,99.1,94.4,96.5,100.5,96.9,88.7,88.6,95.7,96.3,92.7,97.7,103.1,95.3,90.8,94.2,100.6,98.8,96.8,95.7,101.8,99.7,99.1,96.3,107.2,99.5,94.4,92.7,94.1,93.4,96.5,97.7,103.1,99.8,100.5,103.1,106,101,96.9,95.3,95.1,93.4,88.7,90.8,90.4,91.5,88.6
1108004000,その他の窯業・土石製品,68.2,91.4,104.1,93.5,100.2,105.6,105.4,99.7,97.7,95.1,103.9,94.9,104.9,105,101.8,98.2,91.9,92.2,91.2,91.4,95.1,97.6,99,104.1,103.9,100.5,94.8,93.5,94.9,94.1,94.2,100.2,104.9,103.5,104.7,105.6,105,106.4,105.4,105.4,101.8,101.9,101,99.7,98.2,98.5,94.7,97.7
1109000000,化学工業,1894.2,94.2,99.6,89.1,90.8,95.3,92.4,89,90.2,97.9,103,86.7,92,94.4,92.3,89.8,87.8,87.3,90.9,94.2,97.9,98.1,99.1,99.6,103,104.1,98.1,89.1,86.7,86.1,91,90.8,92,91.7,96.6,95.3,94.4,93.9,92,92.4,92.3,89.9,90.9,89,89.8,89.1,89.7,90.2
1110000000,化学工業（除．医薬品）,1894.2,94.2,99.6,89.1,90.8,95.3,92.4,89,90.2,97.9,103,86.7,92,94.4,92.3,89.8,87.8,87.3,90.9,94.2,97.9,98.1,99.1,99.6,103,104.1,98.1,89.1,86.7,86.1,91,90.8,92,91.7,96.6,95.3,94.4,93.9,92,92.4,92.3,89.9,90.9,89,89.8,89.1,89.7,90.2
1109100000,無機・有機化学工業,1176.7,96.2,101,88,96.3,101.6,95.5,91.7,95.3,99.4,103.3,84.9,94.2,99,95.2,92.7,92.9,89.9,94.7,96.2,99.4,97.9,100.6,101,103.3,104,98.6,88,84.9,84.6,93.4,96.3,94.2,96.2,103.5,101.6,99,98.3,95.9,95.5,95.2,92,93.7,91.7,92.7,91.3,92.5,95.3
1109101000,無機化学工業製品,151.5,77.6,91.4,86.3,88.6,83.9,91.9,91.7,100.8,80.8,97.3,89,96.8,91.5,96,96,73.4,83.1,83.4,77.6,80.8,83.3,91.1,91.4,97.3,110,102.2,86.3,89,86.8,100.3,88.6,96.8,98,92,83.9,91.5,91.5,94.4,91.9,96,96,100.8,91.7,96,96.7,101.2,100.8
1109102000,石油化学系基礎製品,55.5,108.2,93.9,102.6,91.5,85.8,89.9,87.1,82.2,110.5,101.8,94,83,86.1,91.6,85.8,102.9,106.6,108.1,108.2,110.5,99,96.6,93.9,101.8,100.9,100.2,102.6,94,91.1,94.5,91.5,83,88.5,87.6,85.8,86.1,84.8,83.6,89.9,91.6,89.4,76.5,87.1,85.8,82.9,80.3,82.2
1109103000,脂肪族系中間物,64.8,92.6,99.4,89.8,115.3,117.9,109.2,104,109.2,100,109.8,94,111.5,108.4,107.6,107.6,101,85.9,92.2,92.6,100,101.8,94.9,99.4,109.8,102.8,95.3,89.8,94,101.8,108.3,115.3,111.5,116,112.5,117.9,108.4,105.2,93.3,109.2,107.6,100.5,104,104,107.6,94.6,98.8,109.2
1109104000,環式中間物,83.0,99.9,103.5,75.6,103.3,98.9,90,81.3,61.9,96.6,108.2,76,104.9,94.1,81.8,73.9,102.9,86,90.5,99.9,96.6,96.3,101.3,103.5,108.2,101.3,100.1,75.6,76,87.5,96.8,103.3,104.9,102.7,110.8,98.9,94.1,98.1,85.4,90,81.8,72.9,90.6,81.3,73.9,69,71.3,61.9
1109105000,プラスチック,579.2,100.5,103.1,91.9,98,101.5,96.4,92.7,100.1,106.7,105.1,88.2,94.9,101.1,98.7,93.9,99.4,92,98.9,100.5,106.7,100.9,103.9,103.1,105.1,100,98.1,91.9,88.2,83.2,93.5,98,94.9,92.5,100.9,101.5,101.1,98,97.5,96.4,98.7,92.7,90.3,92.7,93.9,92.8,94.1,100.1
1109106000,その他の有機化学工業製品,242.7,94.6,103,79.9,90.9,113.1,95.3,90.7,91.3,92.1,99.7,72.8,84.9,100.8,88.6,91.6,81.7,87.8,90.6,94.6,92.1,99.4,101,103,99.7,111.8,97.3,79.9,72.8,79.8,83.8,90.9,84.9,98.5,115.5,113.1,100.8,104.7,100.2,95.3,88.6,92.8,99.4,90.7,91.6,93,91.5,91.3
1109200000,化学工業（除．無機・有機化学工業）,717.5,90.9,97.4,90.9,81.6,84.9,87.2,84.5,81.7,95.5,102.4,89.8,88.6,86.8,87.6,85.1,79.4,83,84.6,90.9,95.5,98.3,96.5,97.4,102.4,104.2,97.5,90.9,89.8,88.5,87,81.6,88.6,84.3,85.3,84.9,86.8,86.7,85.6,87.2,87.6,86.4,86.4,84.5,85.1,85.4,85.1,81.7
1110300000,化学工業（除．無機・有機化学工業・医薬品）,717.5,90.9,97.4,90.9,81.6,84.9,87.2,84.5,81.7,95.5,102.4,89.8,88.6,86.8,87.6,85.1,79.4,83,84.6,90.9,95.5,98.3,96.5,97.4,102.4,104.2,97.5,90.9,89.8,88.5,87,81.6,88.6,84.3,85.3,84.9,86.8,86.7,85.6,87.2,87.6,86.4,86.4,84.5,85.1,85.4,85.1,81.7
1109201000,化学肥料,55.7,92.1,93.7,100.3,80.9,82.9,99.1,95.1,87.7,86.2,93.3,93.4,81.6,90.8,92.6,86.7,88.9,89.1,89.7,92.1,86.2,97.4,91.5,93.7,93.3,103.2,102.1,100.3,93.4,89.4,91.4,80.9,81.6,76.8,77.9,82.9,90.8,105.7,98.8,99.1,92.6,93.1,93.6,95.1,86.7,96.7,92.6,87.7
1109202000,塗料・印刷インキ,82.5,101.3,103.9,98.8,98.6,98.7,97.5,96.3,96.7,103,102.9,99.1,100.1,98.2,96.7,94.9,102.8,102.7,99.5,101.3,103,103.6,97.9,103.9,102.9,100.5,95.4,98.8,99.1,98.6,96.1,98.6,100.1,97.7,96.1,98.7,98.2,99.4,96.4,97.5,96.7,97.1,93.3,96.3,94.9,95.6,94.6,96.7
1109203000,洗剤・界面活性剤,112.6,96.3,93.8,98.8,97.7,113.3,96.8,99,102,99.7,96.1,96.3,104.1,114.1,100.9,102.7,87.2,96.3,93.4,96.3,99.7,104.8,98,93.8,96.1,104.9,98.1,98.8,96.3,97.7,103.1,97.7,104.1,104.6,114.3,113.3,114.1,104.2,99.4,96.8,100.9,100.6,98.3,99,102.7,104,104.9,102
1109204000,化粧品,466.7,87.6,97.6,86.5,74.8,75.8,81.6,77.6,73.5,94.2,104.9,86.2,83.6,77.7,82.1,78.9,72.2,75.5,79.2,87.6,94.2,95.9,96.5,97.6,104.9,104.7,97.1,86.5,86.2,84.3,81,74.8,83.6,77.8,77.3,75.8,77.7,78,78.7,81.6,82.1,80.3,81.5,77.6,78.9,77.8,77.8,73.5
1111000000,石油・石炭製品工業,376.6,109.4,99.9,99.1,102.8,105.5,101.2,99.6,99.5,94.3,94.8,87.4,84.6,93.7,96.2,91.2,99.6,97.1,115.2,109.4,94.3,99.9,103.6,99.9,94.8,99.3,103.7,99.1,87.4,99.5,105.9,102.8,84.6,94.9,101.9,105.5,93.7,100.2,111,101.2,96.2,101.6,106.4,99.6,91.2,98.1,104,99.5
1111001000,石油製品,336.9,109.8,99.6,98.9,101.3,101.3,98.3,96.6,96.9,93.1,94.3,86,81.6,89.2,92.3,87.9,100.3,97.2,116.8,109.8,93.1,99.7,103.5,99.6,94.3,98.9,104,98.9,86,98.1,105.8,101.3,81.6,91.1,98.6,101.3,89.2,96.6,109.1,98.3,92.3,98.3,104.4,96.6,87.9,96.2,102.9,96.9
1111002000,石炭製品,39.7,105.6,102.5,100.4,115.2,141.1,126.2,124.9,121.2,104.1,98.7,99.6,109.4,131.5,129.4,119.1,93.8,96.2,101.7,105.6,104.1,102,104.4,102.5,98.7,102.4,101.4,100.4,99.6,111,106.1,115.2,109.4,127.5,130,141.1,131.5,130.8,127.7,126.2,129.4,129.9,123.8,124.9,119.1,114,113.7,121.2
1112000000,プラスチック製品工業,432.8,97.3,100.6,97.8,103.5,110.9,110.7,111.6,116,102.1,101,99.4,105.2,112,112.7,115.6,97.1,100.4,98.5,97.3,102.1,104.9,102.6,100.6,101,100.6,98.4,97.8,99.4,100.9,102.2,103.5,105.2,107.9,110.7,110.9,112,114.3,110.8,110.7,112.7,112.6,109.9,111.6,115.6,118.4,117.9,116
1112001000,プラスチック製管・フィルム・シート・建材類,271.5,98.3,101.3,96.5,101.6,108.2,104.9,106.2,111.6,101.8,100.5,97.4,101.5,108.6,106.3,110.9,97.8,104.3,100.9,98.3,101.8,105.9,101.4,101.3,100.5,102.2,98.6,96.5,97.4,99.8,99,101.6,101.5,103.1,107.1,108.2,108.6,110,105.6,104.9,106.3,106.9,104.4,106.2,110.9,115.3,115.6,111.6
1112002000,工業用プラスチック製品,40.3,106.1,107,100.3,123.7,149.3,156.5,163.8,163.5,106.7,104.3,100.9,131.1,147.2,156.4,157.4,100.7,100.4,98.3,106.1,106.7,109.9,111.3,107,104.3,97.9,96.6,100.3,100.9,106.2,115.2,123.7,131.1,139.4,144,149.3,147.2,148.2,147.5,156.5,156.4,157.7,153.4,163.8,157.4,157.8,157.5,163.5
1112003000,発泡プラスチック製品,29.1,95.9,95.2,94.7,95.3,97.2,100.6,98.8,98.3,100.1,101,98.3,98.1,100.1,104.8,101.3,94.9,94.6,95.8,95.9,100.1,98.5,98.8,95.2,101,102.2,99.6,94.7,98.3,98.3,100,95.3,98.1,99.5,99,97.2,100.1,100.7,101.7,100.6,104.8,104.1,104.8,98.8,101.3,100.2,100.6,98.3
1112004000,プラスチック製日用雑貨・容器類,91.9,91,97.4,101.5,103,106.1,111.2,108.8,113.7,101.9,100.8,105,107.2,110.1,114.9,115.7,94.2,90.9,92.6,91,101.9,101.9,103.7,97.4,100.8,96.4,98.2,101.5,105,102.8,106.6,103,107.2,111.1,110.4,106.1,110.1,116.5,112.9,111.2,114.9,112.5,108.8,108.8,115.7,116.3,113,113.7
1113000000,パルプ・紙・紙加工品工業,300.8,87.1,97.1,87.6,90.1,86,86,86.7,90.3,94.2,103.8,89.4,88,87.1,89.8,90.6,97.6,99.6,99.2,87.1,94.2,98.5,102.7,97.1,103.8,103,97.9,87.6,89.4,93,97.3,90.1,88,90.4,92.6,86,87.1,89,94.2,86,89.8,87.3,91.9,86.7,90.6,90.3,97.3,90.3
1113001000,パルプ,13.8,78.7,73.4,85.9,67.3,77.8,105.9,91.7,93.8,82.4,104.6,78.4,69.2,87.4,116,94.5,81.2,88.8,88,78.7,82.4,80.8,89.9,73.4,104.6,99.4,109.6,85.9,78.4,82.2,81.2,67.3,69.2,68.3,86.4,77.8,87.4,87.4,102.4,105.9,116,91,102.2,91.7,94.5,87.5,99.8,93.8
1113002000,紙,180.6,90.7,102.7,86.4,90.5,77.7,75.8,74,78.4,93.1,106.8,85.6,82.6,76.7,77.8,76.2,102.2,104.2,102.5,90.7,93.1,97.4,106.7,102.7,106.8,101,95.3,86.4,85.6,90.1,97.8,90.5,82.6,83.4,85.7,77.7,76.7,77.6,85.4,75.8,77.8,73.4,79.5,74,76.2,74.1,85.7,78.4
1113003000,板紙,71.2,75.8,92.7,93.7,95.7,105.8,105,107.7,108,94.1,100.4,98.6,98.8,106.2,111.5,115.3,87.2,85.5,87.6,75.8,94.1,100.9,97.7,92.7,100.4,106.1,100.6,93.7,98.6,99,97.9,95.7,98.8,105.2,100.9,105.8,106.2,109.7,111,105,111.5,109,108,107.7,115.3,119.2,111.9,108
1113004000,紙加工品,35.2,94.9,86.3,82.5,85.4,91.9,92.1,106.9,114.3,104.7,95,95,101.1,101.7,97.2,113.5,101,108.5,110.1,94.9,104.7,106,97.2,86.3,95,108,100.9,82.5,95,100,99.6,85.4,101.1,104.9,113.5,91.9,101.7,106.8,102,92.1,97.2,113.3,118.5,106.9,113.5,115.8,126.5,114.3
1114000000,食料品・たばこ工業,978.4,103,102.4,88.4,92.5,77.6,96.4,96.5,79.2,106.2,106.5,94,99.7,83,94,98.6,139.2,131.5,102.1,103,106.2,111.9,103.7,102.4,106.5,104.8,87.1,88.4,94,98.2,87.2,92.5,99.7,88,76.3,77.6,83,99,96.2,96.4,94,102.9,93.1,96.5,98.6,104.1,84.9,79.2
1114001000,肉加工品,98.7,X,X,X,X,X,X,X,X,X,X,X,X,X,X,X,X,X,X,X,X,X,X,X,X,X,X,X,X,X,X,X,X,X,X,X,X,X,X,X,X,X,X,X,X,X,X,X
1114002000,乳製品,3.8,X,X,X,X,X,X,X,X,X,X,X,X,X,X,X,X,X,X,X,X,X,X,X,X,X,X,X,X,X,X,X,X,X,X,X,X,X,X,X,X,X,X,X,X,X,X,X
1114003000,水産・野菜食料品,10.7,X,X,X,X,X,X,X,X,X,X,X,X,X,X,X,X,X,X,X,X,X,X,X,X,X,X,X,X,X,X,X,X,X,X,X,X,X,X,X,X,X,X,X,X,X,X,X
1114004000,食用油脂,24.4,92.8,100.7,93.6,105.7,129.4,109.9,92.3,92,84.6,83.9,84.9,102.3,121.9,90.7,86.8,94.8,97.1,86,92.8,84.6,92.1,99.8,100.7,83.9,114.1,101,93.6,84.9,82.5,102.8,105.7,102.3,103.3,113.2,129.4,121.9,125.5,110.7,109.9,90.7,97.2,103.5,92.3,86.8,93.4,104,92
1114005000,調味料,0.0,***,***,***,***,***,***,***,***,***,***,***,***,***,***,***,***,***,***,***,***,***,***,***,***,***,***,***,***,***,***,***,***,***,***,***,***,***,***,***,***,***,***,***,***,***,***,***
1114006000,糖類,27.0,83.5,91.8,95.1,94.3,99.3,94.3,90.7,99.4,85,88.6,78.9,88,78.5,77.6,87.2,83.7,94.5,89.3,83.5,85,94.6,90.7,91.8,88.6,107.4,95.8,95.1,78.9,97.5,92.9,94.3,88,90.9,77.4,99.3,78.5,93.2,87.9,94.3,77.6,93.5,94.5,90.7,87.2,93.5,88.9,99.4
1114007000,製粉・調整粉,43.4,X,X,X,X,X,X,X,X,X,X,X,X,X,X,X,X,X,X,X,X,X,X,X,X,X,X,X,X,X,X,X,X,X,X,X,X,X,X,X,X,X,X,X,X,X,X,X
1114008000,パン・菓子,0.0,***,***,***,***,***,***,***,***,***,***,***,***,***,***,***,***,***,***,***,***,***,***,***,***,***,***,***,***,***,***,***,***,***,***,***,***,***,***,***,***,***,***,***,***,***,***,***
1114009000,麺類,0.0,***,***,***,***,***,***,***,***,***,***,***,***,***,***,***,***,***,***,***,***,***,***,***,***,***,***,***,***,***,***,***,***,***,***,***,***,***,***,***,***,***,***,***,***,***,***,***
1114010000,清涼飲料,162.1,X,X,X,X,X,X,X,X,X,X,X,X,X,X,X,X,X,X,X,X,X,X,X,X,X,X,X,X,X,X,X,X,X,X,X,X,X,X,X,X,X,X,X,X,X,X,X
1114011000,酒類,15.5,X,X,X,X,X,X,X,X,X,X,X,X,X,X,X,X,X,X,X,X,X,X,X,X,X,X,X,X,X,X,X,X,X,X,X,X,X,X,X,X,X,X,X,X,X,X,X
1115000000,その他工業,577.0,102.9,101.9,96.9,96.3,96.7,98.2,94.7,92.4,96.7,98.4,90.2,90.7,93,93.3,91.2,94.7,100.2,103.5,102.9,96.7,97.9,101.1,101.9,98.4,99.6,98.5,96.9,90.2,91.5,96.7,96.3,90.7,92.6,95.2,96.7,93,95.6,98,98.2,93.3,93.8,96.4,94.7,91.2,90.4,93.4,92.4
1115100000,繊維工業,221.4,94.6,95.8,97.8,91.5,92.3,95.2,89.8,84.8,88.7,93.5,86,88.3,85.9,87.1,82.5,86.8,87.4,93.3,94.6,88.7,88,96.3,95.8,93.5,98.7,104.1,97.8,86,84.7,93.1,91.5,88.3,86.6,93.8,92.3,85.9,87.7,95.2,95.2,87.1,84.8,90.6,89.8,82.5,80.8,86.4,84.8
1115101000,繊維,68.8,90,88.2,86.6,90.3,94.6,115.3,106.7,98.6,89,89.2,81.9,91.4,96.2,101.4,92.7,87.7,93.5,97.5,90,89,93.9,97,88.2,89.2,108,106,86.6,81.9,85.6,96,90.3,91.4,96.5,104.6,94.6,96.2,105.9,118.4,115.3,101.4,103.6,111.4,106.7,92.7,95.6,105.5,98.6
1115102000,織物,22.0,80.3,101.9,94.3,88.8,96.3,93.2,83.6,83.8,90.9,103.3,94.8,94.4,97,93,87.1,77.5,75.7,82,80.3,90.9,91.3,96,101.9,103.3,105,100.7,94.3,94.8,90.1,90.7,88.8,94.4,90,93.9,96.3,97,100.7,103.9,93.2,93,89.4,85,83.6,87.1,84.1,86,83.8
1115103000,染色整理,7.7,106.9,105.1,92.6,100,97.4,96.6,93.9,90.7,106.9,101.3,93.6,99.9,93.1,94.5,89.5,102.7,105.8,103.2,106.9,106.9,107.9,105.4,105.1,101.3,103.2,93.8,92.6,93.6,95.3,99.1,100,99.9,95.8,96.6,97.4,93.1,95.6,95.3,96.6,94.5,95.9,93.9,93.9,89.5,92.9,87,90.7
1115104000,繊維製品・粗製品,122.9,98.9,98.3,105,92.1,90,84.3,81.2,76.8,87,93.7,86.2,84.7,77.6,77.6,75.5,86.9,84.8,92.4,98.9,87,82.8,95.4,98.3,93.7,92,104.3,105,86.2,82.5,91.6,92.1,84.7,79.9,87.6,90,77.6,74.6,80.7,84.3,77.6,72.7,79.8,81.2,75.5,71.2,75.8,76.8
1115200000,木材・木製品工業,120.7,101.2,98.4,92.7,88.4,100.2,103.8,103.7,104.4,101.7,102.9,94.1,91.5,106.2,105.2,108.1,94.7,100.8,102.3,101.2,101.7,102,99.8,98.4,102.9,104.7,98.3,92.7,94.1,90.3,88.3,88.4,91.5,94.2,99.7,100.2,106.2,108.1,106,103.8,105.2,108.6,107.3,103.7,108.1,108.7,107.2,104.4
1115201000,木材・木製品,120.7,101.2,98.4,92.7,88.4,100.2,103.8,103.7,104.4,101.7,102.9,94.1,91.5,106.2,105.2,108.1,94.7,100.8,102.3,101.2,101.7,102,99.8,98.4,102.9,104.7,98.3,92.7,94.1,90.3,88.3,88.4,91.5,94.2,99.7,100.2,106.2,108.1,106,103.8,105.2,108.6,107.3,103.7,108.1,108.7,107.2,104.4
1115300000,家具工業,52.6,112.7,108.1,107.5,101.7,92.9,86.5,83.3,82.4,92.3,88.6,84.3,80.3,78,70.4,68.8,96.9,101.5,94.1,112.7,92.3,96.9,95.5,108.1,88.6,97.6,94.6,107.5,84.3,86.8,89.9,101.7,80.3,82.4,84,92.9,78,81.9,78,86.5,70.4,76,74.5,83.3,68.8,73.1,71.7,82.4
1115301000,家具,52.6,112.7,108.1,107.5,101.7,92.9,86.5,83.3,82.4,92.3,88.6,84.3,80.3,78,70.4,68.8,96.9,101.5,94.1,112.7,92.3,96.9,95.5,108.1,88.6,97.6,94.6,107.5,84.3,86.8,89.9,101.7,80.3,82.4,84,92.9,78,81.9,78,86.5,70.4,76,74.5,83.3,68.8,73.1,71.7,82.4
1115400000,印刷業,0.0,***,***,***,***,***,***,***,***,***,***,***,***,***,***,***,***,***,***,***,***,***,***,***,***,***,***,***,***,***,***,***,***,***,***,***,***,***,***,***,***,***,***,***,***,***,***,***
1115401000,印刷,0.0,***,***,***,***,***,***,***,***,***,***,***,***,***,***,***,***,***,***,***,***,***,***,***,***,***,***,***,***,***,***,***,***,***,***,***,***,***,***,***,***,***,***,***,***,***,***,***
1115500000,ゴム製品工業,86.1,103.3,109,91.6,107.5,105.7,107.4,99,100,109.9,111.1,91.2,106.3,105.8,110,103.3,98,107.7,114.3,103.3,109.9,114,112.5,109,111.1,98.6,89.8,91.6,91.2,98.8,109.1,107.5,106.3,108.7,97.8,105.7,105.8,109.2,110.3,107.4,110,108.7,109.5,99,103.3,100,105.4,100
1115501000,ゴム製品,86.1,103.3,109,91.6,107.5,105.7,107.4,99,100,109.9,111.1,91.2,106.3,105.8,110,103.3,98,107.7,114.3,103.3,109.9,114,112.5,109,111.1,98.6,89.8,91.6,91.2,98.8,109.1,107.5,106.3,108.7,97.8,105.7,105.8,109.2,110.3,107.4,110,108.7,109.5,99,103.3,100,105.4,100
1115600000,その他製品工業,96.2,118.4,110.7,99,104.4,96.4,96,97.1,93.9,99.4,97.8,97.1,87.3,89.9,90.2,91.6,108.8,121.5,123.7,118.4,99.4,101.7,106.6,110.7,97.8,97.5,95.6,99,97.1,104.7,107.9,104.4,87.3,95.4,96.5,96.4,89.9,93.5,94.5,96,90.2,92.4,96.1,97.1,91.6,90.2,93.1,93.9
1115601000,時計,16.0,190.8,131,85.7,92.5,101.4,63.9,62.5,54.1,134.6,101.2,79.2,85.2,82.1,57,54.8,184.6,239.5,235.1,190.8,134.6,142.1,149.8,131,101.2,101.1,85.2,85.7,79.2,81.6,94,92.5,85.2,105.1,105.1,101.4,82.1,75.4,67,63.9,57,62.3,65.1,62.5,54.8,58.3,56.4,54.1
1115602000,楽器,11.3,110,106.3,116.1,80.8,48.1,88.8,100.5,113.4,95.9,101.4,130.8,40.1,66.4,89.2,123.7,106.5,97.3,98.6,110,95.9,83.6,85.8,106.3,101.4,85.5,106.7,116.1,130.8,145.6,106,80.8,40.1,49.2,45.6,48.1,66.4,65.2,81.1,88.8,89.2,87.9,94.7,100.5,123.7,92.2,102.5,113.4
1115603000,玩具,19.1,99.7,118.8,103.5,128.6,112.7,118.3,113.4,118.5,93.7,109.5,111.7,111.1,109,120.5,111.4,85.5,92.6,102.1,99.7,93.7,95.7,105.1,118.8,109.5,93.2,83.2,103.5,111.7,124.4,134.2,128.6,111.1,112.7,105.6,112.7,109,130.8,115.8,118.3,120.5,124.8,119.1,113.4,111.4,117.5,121.5,118.5
1115604000,文具,30.0,94.1,97.7,91.6,108.2,105.2,103.1,108.6,103,89.1,93.5,92,100.3,102.5,99.7,101.9,94.5,97.5,96.1,94.1,89.1,91.4,96.2,97.7,93.5,103.7,101.3,91.6,92,97.1,107.9,108.2,100.3,106.4,114.2,105.2,102.5,98.1,104.6,103.1,99.7,97.3,106.9,108.6,101.9,100.2,104.1,103
1115605000,皮革製品,19.8,119.7,108.9,107,98.3,90.7,93.6,90.1,77.3,94.3,88.3,86.2,73.2,72,73.8,68.3,92.8,104.1,110.9,119.7,94.3,100.8,100.6,108.9,88.3,96.2,101,107,86.2,92.6,94.8,98.3,73.2,80.4,83,90.7,72,81.2,88.6,93.6,73.8,80.6,83.3,90.1,68.3,73.1,73,77.3
1200000000,鉱業,15.0,91.6,89.1,104.9,95.6,95.8,100.4,96.3,87.6,87.3,92.5,101,94,95.9,99,94,93.5,94.6,90.2,91.6,87.3,81.8,90.3,89.1,92.5,103.5,105.4,104.9,101,96.7,94.7,95.6,94,90.6,95.1,95.8,95.9,97.5,96.1,100.4,99,100.9,95.9,96.3,94,90.2,86.9,87.6
4010000000,産業総合（鉱工業、電力・ガス・熱供給・水道事業）,10000.0,100.5,101,92.6,98.5,101.2,100.7,98.8,96,98.6,101,91.2,98.4,100.6,99.6,99,99.6,103,101.8,100.5,98.6,104.9,101.8,101,101,100.9,95.7,92.6,91.2,96.1,96.7,98.5,98.4,100.6,102.7,101.2,100.6,106.3,102.7,100.7,99.6,103.5,101.5,98.8,99,100.4,99.2,96
4010000001,産業総合（鉱工業、電力・ガス・熱供給）,10000.0,100.5,101,92.6,98.5,101.2,100.7,98.8,96,98.6,101,91.2,98.4,100.6,99.6,99,99.6,103,101.8,100.5,98.6,104.9,101.8,101,101,100.9,95.7,92.6,91.2,96.1,96.7,98.5,98.4,100.6,102.7,101.2,100.6,106.3,102.7,100.7,99.6,103.5,101.5,98.8,99,100.4,99.2,96
4010000100,電力・ガス・熱供給・水道事業,0.0,***,***,***,***,***,***,***,***,***,***,***,***,***,***,***,***,***,***,***,***,***,***,***,***,***,***,***,***,***,***,***,***,***,***,***,***,***,***,***,***,***,***,***,***,***,***,***
4010000110,電力・ガス・熱供給,0.0,***,***,***,***,***,***,***,***,***,***,***,***,***,***,***,***,***,***,***,***,***,***,***,***,***,***,***,***,***,***,***,***,***,***,***,***,***,***,***,***,***,***,***,***,***,***,***
4080000100,機械工業,2993.1,104.4,99.6,95.4,103.5,110.8,110.6,107.9,105.4,97.1,96.6,91.9,103,110.9,106.7,107.8,97.8,105.7,103.5,104.4,97.1,107,99.7,99.6,96.6,95.8,94.8,95.4,91.9,99.7,98.5,103.5,103,108.8,114.4,110.8,110.9,121.5,112,110.6,106.7,116.3,111.8,107.9,107.8,109.7,111,105.4
4080000200,非機械工業,6991.9,98.9,101.7,91.3,96.3,97.1,96.5,95,92,99.2,102.9,90.8,96.4,96.1,96.5,95.2,100.4,101.8,101.1,98.9,99.2,104,102.7,101.7,102.9,103.1,96.1,91.3,90.8,94.5,95.9,96.3,96.4,97,97.8,97.1,96.1,99.8,98.7,96.5,96.5,98,97.1,95,95.2,96.5,94.2,92
4110000000,<旧分類>はん用・生産用・業務用機械工業,1270.3,98.8,101.2,93.4,104.8,107.3,117.7,118.3,112.5,93.8,97.5,91.6,101.4,107.3,114.7,114.6,88.7,94.2,94.9,98.8,93.8,103.4,98.1,101.2,97.5,102.5,95.7,93.4,91.6,96,98.5,104.8,101.4,100.9,104,107.3,107.3,119.2,116.7,117.7,114.7,121.7,117.9,118.3,114.6,114.6,114.7,112.5
4100000100,<旧特掲>普通鋼鋼材,378.2,109.4,106.5,93.4,112.4,102.6,96,93.2,99.5,107.4,106.2,96.1,108,98.1,103.9,95.1,109.6,116.1,128.2,109.4,107.4,118.3,110.6,106.5,106.2,98.4,93.8,93.4,96.1,104.8,112.7,112.4,108,107,107.2,102.6,98.1,100.8,96.4,96,103.9,102.3,102.8,93.2,95.1,98,97.6,99.5
4100000200,<旧特掲>特殊鋼鋼材,254.7,111.2,113.8,95.3,108.1,102.8,85.6,81.1,83.2,106.5,111.5,96.8,106.4,93.9,87.2,82.6,103.7,116.4,120.2,111.2,106.5,118.4,113.7,113.8,111.5,98.9,91.9,95.3,96.8,101.1,107.5,108.1,106.4,105.2,107.6,102.8,93.9,94.1,93.9,85.6,87.2,88.7,91.2,81.1,82.6,81.8,84,83.2
4100000300,<旧特掲>乗用車・トラック,557.9,103.3,99.1,107.7,97.3,100.8,114.9,100.3,93.7,96.7,101.1,102.3,100.6,116.7,117.9,109.1,107.3,108.6,103.8,103.3,96.7,106,107.9,99.1,101.1,69.3,101.4,107.7,102.3,111.3,90.7,97.3,100.6,115.7,131.3,100.8,116.7,126.2,123.9,114.9,117.9,130.2,128.8,100.3,109.1,112,112.9,93.7
4100000400,<旧特掲>石油化学製品,734.5,100,103.7,88.6,101.5,105.9,94.9,90.3,92,102.1,103.7,84.1,93.3,101.9,93.6,91.1,96.5,91.7,95.5,100,102.1,99.6,100.9,103.7,103.7,102.7,97,88.6,84.1,85.6,93.8,101.5,93.3,95.9,104.8,105.9,101.9,99.4,95.5,94.9,93.6,89.6,90.4,90.3,91.1,89,88.4,92
