品目番号,品目名称,付加生産ウエイト,2018CY,2019CY,2020CY,2021CY,2022CY,2023CY,2024CY,2025CY,2018FY,2019FY,2020FY,2021FY,2022FY,2023FY,2024FY,2018Q1,2018Q2,2018Q3,2018Q4,2019Q1,2019Q2,2019Q3,2019Q4,2020Q1,2020Q2,2020Q3,2020Q4,2021Q1,2021Q2,2021Q3,2021Q4,2022Q1,2022Q2,2022Q3,2022Q4,2023Q1,2023Q2,2023Q3,2023Q4,2024Q1,2024Q2,2024Q3,2024Q4,2025Q1,2025Q2,2025Q3,2025Q4
1000000000,鉱工業,10000.0,114.6,111.6,100,105.4,105.3,103.9,101.2,100.9,114.2,110.2,99.7,105.2,104.9,102.9,101.4,114.9,112.4,112.9,118.3,113.1,110.4,112.2,110.6,107.6,88.8,97.2,106.3,106.3,105.1,102.8,107.4,105.4,101.5,106.9,107.2,104.0,102.4,102.7,106.5,99.9,99.0,100.9,104.9,100.6,99.0,100.2,103.8
1100000000,製造工業,9983.5,114.7,111.6,100,105.4,105.3,104.0,101.2,100.9,114.2,110.3,99.7,105.2,104.9,102.9,101.4,114.9,112.5,112.9,118.3,113.1,110.4,112.3,110.6,107.6,88.8,97.2,106.3,106.3,105.2,102.8,107.4,105.4,101.5,107.0,107.3,104.0,102.5,102.8,106.6,99.9,99.1,100.9,104.9,100.6,99.0,100.2,103.8
1101000000,鉄鋼・非鉄金属工業,596.5,123.1,116.4,100,112.7,107.6,104.5,101.7,99.9,122.0,114.9,100.0,111.9,106.2,103.9,101.4,123.2,124.6,120.1,124.5,118.7,118.7,115.1,113.1,112.7,84.2,93.7,109.4,112.8,113.5,111.6,112.9,109.6,107.4,105.5,107.8,103.9,105.4,103.9,104.7,101.7,101.8,100.5,102.8,100.6,99.6,99.5,99.8
1101100000,鉄鋼業,341.7,128.1,121.1,100,116.7,108.6,106.1,101.8,99.9,126.9,119.0,100.1,115.7,106.8,105.6,101.0,129.4,129.8,124.8,128.6,124.5,124.2,119.8,115.8,116.1,83.2,91.6,109.1,116.4,117.4,116.6,116.4,112.5,108.1,106.4,107.5,105.1,106.4,106.6,106.3,103.1,101.4,100.9,101.6,100.1,99.8,99.8,99.7
1101101000,鉄鋼粗製品,84.2,125.2,119.6,100,115.7,106.8,104.2,100.7,96.6,123.4,118.8,99.5,114.7,105.1,104.0,99.5,126.9,127.3,123.5,123.1,119.7,125.7,119.0,114.0,116.4,87.1,91.0,105.5,114.2,116.6,115.8,116.0,110.4,109.7,104.5,102.4,103.6,106.2,103.7,103.5,102.7,101.6,98.9,99.6,97.7,96.3,95.8,96.6
1101102000,熱間圧延鋼材,108.7,128.1,121.0,100,116.5,108.6,105.3,102.0,99.2,126.9,118.6,100.0,115.8,106.7,105.4,100.6,129.7,130.2,124.6,128.0,124.7,124.5,118.9,116.1,114.7,86.2,91.5,107.5,114.8,116.7,117.8,116.6,112.1,110.4,105.5,106.6,104.5,106.8,106.2,103.8,104.7,101.6,101.3,100.3,99.2,98.6,99.8,99.1
1101103000,冷間仕上鋼材,42.3,130.1,122.3,100,120.8,107.5,102.5,99.9,99.8,129.2,120.5,100.4,118.7,104.9,102.1,99.3,131.3,132.0,126.4,130.8,127.5,122.8,121.5,117.3,120.2,80.6,87.0,112.1,121.8,121.8,121.8,117.6,113.6,104.7,105.5,106.3,103.1,99.2,105.1,102.6,101.8,98.0,100.9,98.9,99.6,100.4,101.2,97.9
1101104000,鋼管,14.5,135.9,128.5,100,102.8,101.6,95.8,91.7,88.6,135.6,124.5,95.3,103.7,98.7,95.8,90.7,138.7,136.7,129.4,138.9,137.4,124.8,127.7,123.9,121.6,97.9,86.6,93.9,102.7,100.9,101.1,106.5,106.1,100.2,99.1,100.8,94.9,95.9,96.0,96.4,95.0,89.2,90.1,92.4,91.1,87.2,87.2,88.9
1101105000,めっき鋼材,29.0,132.1,123.2,100,119.1,102.4,104.5,99.8,98.1,131.0,121.3,99.8,115.8,101.9,103.6,98.8,135.0,134.9,127.2,131.4,130.5,123.8,123.4,115.2,122.7,81.5,86.4,109.5,121.9,120.3,120.9,113.0,108.8,95.1,100.8,104.9,106.7,102.7,104.0,104.6,103.0,97.9,99.1,99.2,98.7,99.6,99.1,94.9
1101106000,鋳鍛造品,63.0,127.3,119.7,100,117.8,116.2,115.6,107.4,108.9,126.5,116.6,102.0,117.6,114.6,113.7,108.5,126.1,127.2,124.1,131.7,122.9,123.0,117.6,115.1,110.9,72.2,99.1,117.9,119.0,119.2,113.5,119.5,118.1,112.1,115.3,119.4,111.5,115.2,115.8,119.8,103.8,107.5,106.6,111.7,108.1,109.2,107.7,110.5
1101200000,非鉄金属工業,254.8,116.3,110.2,100,107.3,106.2,102.2,101.6,99.9,115.3,109.5,100.0,106.8,105.4,101.6,102.0,115.0,117.5,113.6,119.1,111.0,111.3,108.9,109.5,108.1,85.4,96.6,109.8,108.0,108.3,104.9,108.3,105.7,106.5,104.5,108.3,102.3,104.0,100.2,102.5,99.8,102.4,99.9,104.4,101.3,99.3,99.0,100.0
1101201000,非鉄金属精錬・精製品,83.4,106.0,99.3,100,98.7,101.3,94.9,98.2,87.0,104.5,100.7,98.4,97.6,102.2,95.2,97.0,106.0,108.5,105.2,104.5,99.9,100.5,97.4,99.2,105.7,92.8,99.3,102.2,99.4,99.3,98.9,97.1,95.0,105.5,101.3,103.3,98.8,99.8,93.5,87.4,100.1,101.6,96.2,94.7,95.5,85.5,86.9,80.0
1101202000,非鉄金属圧延製品,65.5,120.4,112.6,100,114.1,109.5,98.7,97.2,97.5,119.2,110.4,101.4,114.4,106.6,97.5,97.1,118.4,123.3,115.9,123.9,113.9,114.9,110.5,111.2,104.9,95.9,90.2,108.8,110.5,117.3,111.6,116.9,111.6,113.3,105.3,107.9,99.9,98.9,95.1,100.9,95.0,98.2,94.7,100.8,94.8,99.6,95.8,99.8
1101203000,電線・ケーブル,36.4,107.7,105.3,100,111.0,111.5,103.8,107.4,120.7,107.4,105.1,101.8,111.8,109.6,103.4,110.4,104.8,106.4,105.7,113.7,103.8,104.7,105.7,106.9,102.9,89.8,95.2,112.0,110.3,106.5,110.9,116.4,113.5,109.4,105.6,117.3,105.9,108.7,96.5,104.1,104.3,102.9,105.9,116.4,116.4,118.1,119.5,128.6
1101204000,非鉄金属鋳物,69.5,129.3,123.5,100,109.5,106.3,113.5,107.0,106.9,128.7,121.4,99.5,108.0,105.7,112.3,108.1,127.9,128.7,125.8,135.0,125.3,124.3,122.8,121.7,116.8,64.2,100.2,118.7,114.7,111.4,102.5,109.3,108.9,99.6,106.9,109.7,106.8,111.3,114.9,121.0,101.8,107.0,105.9,113.2,106.4,106.0,105.8,109.3
1102000000,金属製品工業,452.5,114.5,112.7,100,103.5,103.0,99.2,95.6,92.9,115.0,110.9,99.7,102.6,102.7,97.3,95.9,111.5,113.2,112.5,120.9,113.2,111.8,112.5,113.2,106.1,90.9,97.3,105.7,104.8,104.2,101.5,103.5,101.0,101.5,104.1,105.4,99.8,98.9,96.9,101.1,92.3,95.4,95.3,99.5,93.3,92.6,91.5,94.2
1102001000,建設用金属製品,58.1,107.6,110.7,100,94.3,91.9,97.5,93.9,79.5,108.2,110.8,96.6,91.4,94.7,94.9,93.4,109.8,101.2,107.7,111.8,112.3,102.9,112.0,115.5,113.0,98.8,95.5,92.8,99.6,90.7,93.3,93.8,88.0,86.4,100.8,92.5,99.1,94.5,94.9,101.3,89.1,93.9,98.5,94.3,86.9,81.8,74.9,74.5
1102002000,建築用金属製品,71.2,113.2,113.1,100,102.1,101.7,94.9,90.0,87.3,114.6,109.9,99.3,102.3,101.1,92.5,89.9,105.6,109.5,110.9,126.6,111.5,111.0,113.7,116.3,98.5,94.0,99.5,107.9,95.5,99.2,102.5,111.0,96.4,101.6,101.8,107.1,94.1,94.2,94.3,97.0,84.7,89.4,90.3,95.8,84.1,89.8,86.3,89.1
1102003000,暖房・調理等装置,47.2,110.7,103.8,100,97.1,115.9,94.2,90.5,90.9,108.3,102.9,102.6,93.7,120.6,88.2,91.0,113.2,103.6,101.5,124.5,103.5,94.2,98.1,119.3,99.9,86.9,96.2,117.0,110.2,96.8,89.4,91.9,96.7,117.1,118.6,131.0,115.7,86.1,79.4,95.4,91.9,82.2,82.1,105.7,94.0,82.9,84.2,102.5
1102004000,粉末冶金製品,48.7,127.7,122.1,100,117.1,110.5,98.6,95.9,95.0,128.7,118.5,101.6,116.8,105.1,97.9,96.2,123.4,127.1,126.8,133.5,127.5,124.1,119.9,116.7,113.3,81.1,91.6,114.0,119.7,117.6,113.7,117.3,118.4,109.6,107.0,107.2,96.6,98.3,98.0,101.3,93.9,97.5,96.1,96.0,95.1,93.3,95.0,96.6
1102005000,金属線製品,23.1,121.9,122.1,100,109.1,105.7,98.8,90.9,88.7,122.1,120.1,98.1,110.4,103.5,96.4,90.5,119.6,119.8,119.3,128.9,120.5,124.1,122.9,120.9,112.6,90.8,92.1,104.5,105.1,110.2,108.3,112.8,110.3,104.4,101.8,106.3,101.4,99.9,96.5,97.4,91.7,92.1,88.9,90.9,90.2,87.2,86.9,90.5
1102006000,缶類,125.6,109.4,107.6,100,103.3,100.0,96.5,93.6,92.2,110.0,106.4,99.8,103.0,98.3,95.9,93.8,103.6,113.0,110.6,110.4,105.9,111.5,109.5,103.6,101.1,99.1,101.5,98.4,100.3,107.9,105.1,99.8,99.3,102.9,100.8,96.9,92.8,101.0,97.0,95.3,90.3,95.1,94.3,94.8,90.8,93.4,93.1,91.6
1102007000,その他の金属製品,78.6,121.1,118.7,100,105.7,103.8,112.1,109.4,110.0,121.7,116.4,99.6,104.5,104.4,111.1,110.8,120.0,121.1,116.3,127.0,122.4,119.0,117.6,115.8,113.0,77.9,95.7,113.4,111.4,107.2,98.8,105.6,106.3,94.9,104.1,110.1,108.5,110.6,110.8,118.7,104.2,109.8,108.3,115.4,109.8,108.7,109.8,111.6
1103000000,生産用機械工業,746.1,123.3,112.1,100,121.6,134.0,120.7,118.9,118.3,120.4,109.7,103.3,124.7,132.7,119.5,118.5,130.9,119.8,122.8,119.8,119.1,109.1,113.0,107.0,109.6,94.2,92.1,104.1,122.6,116.3,119.9,127.8,134.9,122.5,143.7,134.8,129.7,118.8,116.7,117.7,124.7,114.4,112.1,124.2,123.1,114.1,113.5,122.6
1103001000,農業用機械,41.4,115.0,116.7,100,119.6,115.8,94.2,72.6,73.6,115.6,114.3,101.4,121.4,108.4,92.2,67.4,120.4,120.1,108.0,111.3,123.0,127.5,120.6,95.8,113.2,90.5,97.5,98.9,118.6,125.9,118.5,115.5,125.9,105.9,121.0,110.3,96.2,103.8,95.9,80.7,88.2,78.7,63.5,60.0,67.3,76.7,73.7,76.6
1103002000,建設・鉱山機械,102.9,110.5,111.1,100,120.8,126.8,132.7,111.8,103.5,113.5,109.9,100.4,124.9,126.6,131.1,105.9,105.7,107.7,105.1,123.4,117.7,121.2,121.2,84.5,112.6,85.3,90.8,111.2,114.4,121.6,116.9,130.5,130.7,109.2,124.6,142.8,129.9,133.0,132.7,135.3,123.5,117.8,102.5,103.5,99.6,103.4,103.7,107.4
1103003000,生活関連産業用機械,50.7,128.7,117.8,100,97.3,92.6,97.3,94.0,92.8,127.4,116.1,97.0,95.5,94.2,97.0,94.2,132.9,119.6,116.3,145.9,127.6,112.9,116.1,114.8,120.7,90.1,86.0,103.2,108.6,91.5,92.2,96.8,101.4,86.0,92.7,90.1,108.0,79.0,91.4,110.7,106.7,87.3,86.4,95.4,107.5,80.4,90.4,92.9
1103004000,基礎素材産業用機械,49.5,125.8,125.6,100,111.6,115.6,105.3,104.1,98.3,123.6,121.0,105.4,106.0,116.1,104.7,103.6,136.6,118.1,119.9,128.5,128.0,114.4,135.3,124.8,109.4,88.6,95.7,106.4,131.1,97.7,107.1,110.5,108.8,99.6,127.9,126.2,110.6,102.6,99.3,108.7,108.3,93.0,106.2,108.7,106.5,97.5,91.8,97.4
1103005000,金属加工機械,78.0,179.3,154.3,100,117.3,140.3,139.7,114.7,114.5,173.8,139.5,99.0,123.6,142.8,131.8,116.0,200.8,171.2,173.9,171.1,179.2,155.2,147.5,135.4,119.8,83.5,99.0,97.8,115.8,116.6,117.9,118.9,140.8,131.9,144.5,143.8,150.9,138.0,136.4,133.5,119.2,106.3,112.2,121.2,124.1,106.5,114.7,112.7
1103006000,半導体・フラットパネルディスプレイ製造装置,237.9,111.7,97.2,100,131.5,154.2,129.9,155.5,151.7,106.3,97.3,106.7,136.3,152.7,134.6,155.3,125.4,109.3,118.4,93.7,103.9,87.6,95.7,101.5,104.4,101.0,90.4,104.2,131.2,122.1,130.4,142.3,150.3,138.1,180.7,147.8,144.1,124.1,126.0,125.3,162.7,147.4,141.5,170.3,161.8,144.9,139.5,160.5
1103007000,機械工具,38.6,117.7,113.3,100,121.1,112.4,94.7,106.7,108.4,116.3,111.2,102.3,123.3,103.5,98.1,106.4,118.9,112.9,117.6,121.2,113.6,114.7,111.2,113.6,105.4,95.7,94.8,104.1,114.7,119.5,124.0,126.0,123.8,119.1,112.9,93.6,88.2,94.4,98.9,97.3,101.9,109.0,107.6,108.1,100.9,108.4,108.7,115.4
1103008000,その他の生産用機械,147.1,122.8,106.2,100,121.1,134.2,115.2,96.4,107.5,118.7,106.1,104.1,124.1,132.7,106.6,99.8,123.7,120.7,124.1,122.7,107.3,101.3,106.9,109.3,106.8,99.3,90.8,103.1,123.2,114.2,119.4,127.5,135.4,127.1,134.6,139.5,129.5,120.1,105.3,105.9,95.2,90.7,96.6,103.1,108.9,105.3,105.3,110.5
1104000000,汎用・業務用機械工業,705.8,121.4,114.1,100,111.2,115.2,111.6,103.8,104.4,119.8,112.3,99.4,112.9,114.5,110.0,103.3,125.9,113.8,120.6,125.2,119.8,108.0,117.1,111.4,112.6,88.2,92.2,107.0,110.3,108.3,111.7,114.4,117.4,108.3,118.4,116.8,114.5,108.1,109.0,114.9,107.9,97.7,101.9,107.7,106.0,101.1,102.9,107.7
1104100000,汎用機械工業,560.2,122.7,114.0,100,112.5,115.8,110.4,101.7,101.6,121.0,111.9,99.7,114.4,114.3,108.9,100.4,127.3,114.2,121.7,127.8,120.3,107.5,116.7,111.4,112.1,86.7,91.2,109.8,111.0,109.0,112.6,117.4,118.6,108.5,119.1,117.1,112.4,106.6,107.5,115.3,106.4,96.4,98.9,105.0,101.1,99.2,99.4,106.7
1104101000,ボイラ・原動機,88.9,150.1,119.0,100,109.4,117.7,111.7,94.4,88.5,143.1,111.8,96.2,111.9,119.9,108.6,90.1,169.9,115.2,158.2,157.1,141.9,106.4,115.3,112.6,112.8,80.1,82.5,124.7,97.4,106.4,120.1,113.9,107.0,112.8,138.5,112.4,115.8,96.8,109.7,124.7,103.3,84.9,93.8,95.6,86.2,83.2,89.8,94.6
1104102000,ポンプ・圧縮機器,164.0,115.3,107.9,100,117.5,121.5,115.5,106.2,109.8,114.9,106.3,101.5,119.4,121.7,111.5,107.0,114.4,115.3,114.0,117.7,112.8,108.6,104.1,106.2,106.5,96.5,93.9,103.1,112.4,117.7,117.5,122.4,119.9,116.6,121.7,127.9,120.6,117.2,111.8,112.3,104.7,104.4,102.8,112.9,107.8,109.8,106.5,115.0
1104103000,運搬装置,91.8,111.2,114.0,100,98.3,107.6,105.3,96.6,95.2,109.5,116.0,96.4,104.0,101.8,108.8,90.8,123.7,92.3,107.2,121.5,116.8,84.3,143.5,111.3,125.0,80.0,89.0,105.9,110.9,77.5,94.9,109.9,133.6,79.1,109.2,108.5,110.5,94.3,98.2,118.0,124.7,78.2,90.9,92.4,101.6,84.8,86.8,107.8
1104104000,冷凍機・温湿調整装置,44.5,117.0,117.8,100,113.3,114.2,109.0,111.7,109.2,117.6,116.4,101.5,112.7,111.9,109.4,111.8,115.2,121.1,112.7,119.1,117.5,121.8,115.7,116.0,111.9,75.2,96.3,116.6,117.9,118.5,105.5,111.5,115.4,111.9,115.9,113.6,106.2,108.0,105.7,116.1,108.0,113.7,110.0,115.3,108.3,113.9,110.7,103.8
1104105000,汎用機械器具部品,171.0,123.3,116.1,100,116.8,114.3,108.1,101.3,102.0,122.4,114.0,101.2,117.0,111.6,106.6,101.5,122.6,122.5,120.4,127.9,118.8,115.8,115.2,114.6,110.4,87.4,93.2,108.9,115.1,116.5,115.4,120.0,116.2,113.5,112.8,114.8,105.4,107.7,107.7,111.5,99.3,100.0,99.3,106.5,100.1,101.2,101.4,105.2
1104200000,業務用機械工業,145.6,116.0,114.5,100,106.0,112.9,116.2,112.0,115.3,115.4,113.6,98.3,107.3,115.4,114.1,114.7,120.4,112.2,116.0,115.4,117.8,110.1,118.7,111.3,114.4,93.8,96.0,95.9,107.5,105.5,108.0,102.9,112.9,107.6,115.6,115.6,122.6,113.9,114.7,113.7,113.9,102.8,113.2,118.1,124.9,108.6,116.2,111.7
1104201000,事務用機器,6.4,69.9,114.0,100,97.0,128.8,114.1,124.3,139.3,71.1,126.5,97.5,100.9,136.1,103.5,132.4,64.2,77.8,68.5,69.0,68.9,75.4,136.1,175.8,118.9,79.3,96.4,105.4,109.0,101.2,95.9,81.7,124.5,89.2,144.0,157.5,153.6,101.5,99.1,102.1,111.2,122.9,116.0,147.1,143.4,137.5,134.4,141.9
1104202000,サービス用機器,9.7,126.2,124.3,100,81.3,93.1,91.7,82.0,89.7,124.0,122.7,88.5,85.6,93.5,87.8,79.9,144.0,136.5,119.3,105.0,135.2,133.1,113.1,115.8,128.8,91.6,83.9,95.7,82.7,79.6,83.1,79.7,99.8,92.5,89.4,90.5,101.6,110.6,85.0,69.8,85.8,91.7,76.4,74.2,77.5,96.9,92.4,92.0
1104203000,計測機器,34.3,110.3,108.9,100,113.6,113.8,100.7,91.2,96.2,110.3,106.7,101.1,116.4,112.3,95.4,92.6,107.0,109.5,117.8,106.8,107.1,115.8,116.3,96.2,98.5,104.7,102.0,94.9,102.8,115.0,125.9,110.6,114.3,112.1,121.9,106.8,108.2,105.0,102.5,87.2,87.0,90.7,93.3,93.7,92.7,96.1,102.8,93.2
1104204000,分析機器・試験機,67.9,107.5,111.6,100,104.6,116.8,133.9,134.0,133.7,107.8,111.8,97.8,105.6,122.3,136.4,136.4,119.0,97.1,104.7,109.3,120.1,102.4,118.2,105.7,120.7,94.1,96.3,88.9,111.8,102.4,104.5,99.9,115.7,112.6,117.7,121.3,137.8,126.0,133.5,138.2,147.9,114.4,134.2,139.4,157.7,119.8,132.1,125.2
1104205000,光学機器・レンズ,27.3,151.6,125.3,100,110.5,105.5,101.0,91.4,97.1,147.9,120.6,99.7,109.2,104.8,93.9,96.9,145.5,152.9,151.9,155.9,130.9,121.9,121.0,127.3,112.2,83.7,91.9,112.2,111.1,111.4,105.7,113.8,106.0,99.3,105.0,111.9,102.8,99.0,97.8,104.6,74.2,88.5,98.3,104.4,96.2,93.7,97.6,101.0
1105000000,電子部品・デバイス工業,585.0,103.4,98.6,100,111.4,104.8,94.6,101.1,106.4,102.7,98.7,102.6,112.0,100.3,95.8,102.2,98.2,99.1,105.7,110.4,95.6,91.6,103.6,103.7,95.8,90.0,104.3,110.0,106.2,107.4,117.4,114.7,108.4,101.8,107.3,101.9,90.1,90.5,96.2,101.8,94.8,94.7,110.8,104.2,99.0,100.8,115.2,110.4
1105001000,集積回路（ＩＣ）,213.8,96.2,97.9,100,110.4,110.1,109.4,131.0,145.9,97.1,99.2,102.6,112.4,107.0,113.9,134.6,87.7,93.7,102.9,100.6,91.3,92.9,104.4,103.1,96.4,83.0,106.0,114.7,106.6,100.5,115.4,119.1,114.6,103.5,110.5,111.9,102.3,98.2,106.4,130.6,120.6,114.8,148.2,140.3,134.9,133.0,161.2,154.4
1105002000,電子デバイス,102.3,126.0,113.1,100,108.4,97.0,74.9,68.1,57.8,124.4,107.5,101.5,108.8,90.4,72.3,65.7,126.4,114.0,118.8,144.8,119.9,92.3,116.4,123.8,97.4,98.1,107.1,97.5,103.2,108.1,117.4,104.9,104.6,88.6,103.3,91.6,77.9,74.1,79.2,68.5,67.3,68.5,73.1,63.4,57.8,54.9,61.3,57.2
1105003000,電子部品,135.6,96.6,89.7,100,110.6,87.2,76.9,79.2,80.3,94.2,92.9,104.1,106.8,79.3,80.1,79.0,89.2,93.6,101.6,102.1,79.7,82.9,98.4,98.0,92.2,88.0,105.8,114.0,108.8,110.4,116.8,106.5,93.6,91.1,87.3,76.9,61.7,75.6,86.0,84.1,74.5,77.0,84.5,80.8,73.8,78.1,87.8,81.4
1105004000,電子回路,73.5,104.7,97.6,100,119.7,119.5,104.3,100.7,106.4,102.6,98.1,102.7,121.5,117.4,101.3,101.4,105.4,102.1,102.6,108.6,97.2,96.9,98.3,97.9,99.1,94.2,96.0,110.8,109.9,117.2,124.4,127.2,117.2,118.9,124.5,117.5,108.7,101.6,104.5,102.5,96.4,99.2,105.0,102.1,99.2,105.5,110.0,111.1
1105005000,その他の電子部品,59.8,103.7,97.9,100,111.7,121.2,104.1,101.2,107.3,104.9,95.8,101.0,115.7,119.6,100.3,102.4,98.9,101.8,106.7,107.4,103.8,98.6,97.5,91.8,95.1,100.5,100.2,104.2,99.3,111.6,117.2,118.6,115.4,121.2,126.6,121.7,108.8,110.7,101.3,95.7,93.7,102.4,107.9,100.7,98.6,109.7,111.3,109.5
1106000000,電気・情報通信機械工業,860.8,115.3,111.3,100,105.5,104.6,106.0,99.8,99.2,113.8,109.9,100.8,104.1,106.1,103.2,99.8,122.9,110.0,112.7,115.6,116.9,108.1,112.3,108.0,111.0,88.6,95.1,105.3,114.3,106.7,99.1,102.0,108.7,98.0,103.7,108.1,114.8,104.6,100.3,104.0,103.7,94.9,97.6,103.1,103.5,94.9,96.1,102.4
1106100000,電気機械工業,674.2,115.8,108.8,100,108.4,109.5,110.2,103.4,104.1,114.0,107.6,101.2,108.2,110.6,107.0,104.2,121.6,113.4,113.6,114.5,114.3,107.2,108.8,104.9,109.3,89.5,95.9,105.4,114.2,111.3,102.7,105.4,113.5,104.4,108.2,112.0,117.9,110.7,103.8,108.2,105.3,100.4,101.4,106.4,108.4,101.0,100.1,106.8
1106101000,回転電気機械,101.3,114.0,107.1,100,109.1,114.7,109.3,100.3,100.7,112.0,107.1,101.1,109.4,114.2,105.7,101.1,116.2,115.4,111.5,112.9,108.1,106.1,106.3,108.0,108.1,82.5,97.0,112.5,112.4,109.2,103.8,111.0,113.6,109.0,115.8,120.4,111.5,110.0,105.9,109.7,97.1,98.7,101.4,103.8,100.4,101.9,100.9,99.5
1106102000,開閉制御装置・機器,132.7,114.3,109.7,100,105.3,104.2,101.1,94.0,96.2,112.0,108.5,98.9,105.5,103.9,97.8,95.6,138.7,99.7,109.8,108.8,129.8,97.4,109.4,102.2,125.0,85.3,90.8,98.9,120.7,95.5,103.3,101.7,121.4,90.9,101.5,103.0,120.3,91.1,95.2,98.0,106.8,81.3,90.4,97.5,113.2,84.3,90.1,97.3
1106103000,その他の産業用電気機械,46.6,131.7,109.6,100,96.8,100.3,107.6,91.2,81.2,125.5,107.9,95.8,97.7,103.7,105.1,86.3,147.2,128.8,124.3,126.3,122.4,109.6,106.7,99.6,115.8,97.0,90.8,96.4,98.9,98.1,93.0,97.0,102.6,91.8,101.7,104.9,116.4,102.9,101.5,109.7,106.2,87.8,84.0,86.9,86.5,79.4,78.1,80.8
1106104000,家事用機器,30.3,115.3,107.2,100,97.1,98.8,84.0,77.2,75.6,117.5,102.8,102.0,96.9,95.1,82.1,76.5,97.6,125.7,124.8,113.0,106.4,123.7,108.8,89.7,89.0,98.6,103.4,109.0,97.1,104.8,87.0,99.3,96.3,93.5,105.8,99.4,81.6,91.4,77.2,85.7,74.2,78.6,74.8,81.3,71.4,77.6,71.7,81.9
1106105000,空調・住宅関連機器,94.7,110.2,108.3,100,95.4,99.7,95.7,95.9,98.9,112.7,104.4,101.9,93.0,100.8,94.0,97.1,102.0,132.2,107.8,98.7,112.0,132.2,97.1,92.0,96.1,119.3,95.0,89.5,103.6,122.9,80.1,74.8,94.2,110.0,101.7,93.1,98.5,120.1,75.8,88.4,91.5,110.8,90.3,91.1,96.0,117.1,91.9,90.5
1106106000,配線・電球・照明器具,71.5,123.8,117.3,100,103.0,101.2,103.4,98.9,100.4,122.3,116.2,99.1,101.9,100.4,101.4,100.3,124.0,116.8,120.4,134.0,117.9,111.6,118.5,121.2,113.4,76.8,94.7,115.1,109.9,102.4,96.5,103.3,105.5,96.5,99.5,103.5,102.0,99.2,102.4,109.8,94.0,95.5,98.8,107.1,99.8,98.9,99.3,103.6
1106107000,電池,97.9,117.6,104.6,100,125.5,122.9,135.0,120.0,123.4,111.1,106.2,104.3,125.5,128.8,125.9,121.8,124.5,114.7,115.5,115.8,98.4,99.3,111.5,109.3,104.7,76.6,107.9,110.8,122.1,131.4,120.8,127.8,121.9,117.2,118.7,134.0,145.3,134.6,134.3,125.9,108.6,113.8,127.8,130.0,115.6,110.8,127.5,139.5
1106108000,電子応用装置,36.5,101.4,109.5,100,116.6,113.4,128.1,130.5,123.1,100.7,108.1,107.5,115.6,116.0,130.3,131.6,112.2,85.8,95.9,111.8,109.2,89.0,126.3,113.5,103.6,87.5,88.3,120.6,133.4,104.3,118.0,110.5,129.4,93.1,113.2,117.9,139.7,124.0,120.9,128.0,148.2,128.8,116.1,128.8,152.6,107.1,101.6,131.2
1106109000,電気計測器,62.7,115.2,107.3,100,122.2,125.7,125.4,124.5,128.0,115.8,105.3,102.8,124.5,126.9,125.4,125.5,114.7,103.2,120.2,122.9,116.7,100.7,105.5,106.2,108.9,90.1,93.1,107.9,120.1,126.3,118.9,123.5,129.1,127.6,116.5,129.6,133.8,122.3,119.7,125.9,133.5,115.7,120.5,128.2,137.5,121.4,119.5,133.4
1106200000,情報通信機械工業,186.6,113.6,120.5,100,95.2,86.8,90.8,87.0,81.5,113.4,118.2,99.4,89.4,89.9,89.3,84.0,127.4,97.9,109.6,119.5,126.4,111.2,125.0,119.3,117.2,85.4,92.2,105.2,114.7,90.2,85.8,90.0,91.4,74.7,87.3,93.9,103.6,82.6,87.9,89.0,97.7,75.2,84.0,91.2,85.5,72.9,81.5,86.3
1106201000,有線通信機器,14.2,75.0,87.2,100,95.5,86.8,97.1,84.1,84.4,79.6,86.8,103.5,87.4,97.7,89.2,83.6,86.0,67.1,71.1,75.6,104.7,71.9,86.1,86.0,103.2,86.1,101.8,109.0,117.2,88.7,83.8,92.3,84.8,80.3,90.0,92.2,128.3,85.9,96.5,77.7,96.5,69.2,81.0,89.8,94.3,71.0,83.3,88.9
1106202000,無線通信機器,47.3,114.6,108.9,100,98.7,82.7,71.9,59.2,52.8,109.1,109.0,98.2,91.9,84.3,69.4,53.9,151.1,83.1,98.5,125.5,129.1,89.1,104.8,112.5,129.7,76.9,90.4,103.1,122.6,88.2,92.6,91.3,95.4,70.6,80.3,84.7,101.6,63.5,56.9,65.4,91.7,36.4,58.5,50.1,70.8,38.9,50.3,51.3
1106203000,民生用電子機械,35.9,132.8,124.0,100,96.0,90.0,107.1,105.8,80.8,134.6,116.4,102.2,90.7,94.1,106.4,100.2,124.5,126.0,134.0,146.7,131.5,125.8,120.9,117.8,101.0,80.8,96.6,121.6,109.9,95.0,81.7,97.2,89.1,79.1,91.6,100.4,105.2,105.2,106.7,111.2,102.6,101.4,105.9,113.2,80.3,79.0,76.1,87.7
1106204000,電子計算機,45.8,102.9,140.2,100,90.2,77.2,81.5,85.7,101.5,102.8,141.5,99.8,81.0,78.0,81.4,87.3,116.0,92.5,102.1,100.8,115.6,131.9,167.1,146.0,120.8,96.1,85.9,97.2,119.9,83.9,77.8,79.1,83.1,65.5,77.7,82.6,86.1,76.4,84.8,78.8,85.5,70.6,81.5,105.2,92.0,97.2,110.4,106.3
1106205000,情報端末装置,43.4,120.6,120.3,100,95.9,98.9,105.6,104.2,91.6,122.7,115.3,96.5,95.0,102.5,105.3,99.9,129.3,106.6,122.1,124.6,137.6,114.3,118.7,110.6,117.7,87.1,94.2,101.0,103.6,95.6,90.9,93.5,100.1,83.7,100.6,111.1,114.9,90.1,106.5,110.9,113.4,102.5,97.3,103.7,95.9,79.8,89.1,101.6
1107000000,輸送機械工業,1502.4,121.4,120.9,100,98.4,97.6,111.5,106.3,107.2,121.8,119.3,97.5,95.5,100.2,110.0,108.1,124.7,117.6,116.2,127.2,125.9,120.2,120.7,116.8,119.3,65.5,100.1,115.1,109.1,99.7,86.7,98.2,97.4,87.2,101.4,104.7,107.6,106.2,112.6,119.4,101.8,103.3,108.1,112.2,108.7,104.0,105.0,111.0
1107100000,自動車工業,1248.2,123.2,121.1,100,101.8,98.9,113.1,104.8,106.1,123.0,118.6,99.4,98.3,101.3,110.5,107.0,127.2,119.4,117.3,128.9,126.4,120.7,120.8,116.5,116.4,61.7,102.3,119.6,113.9,103.7,88.2,101.2,100.1,87.2,102.8,105.7,109.3,108.0,114.1,121.1,98.9,102.4,105.6,112.3,107.7,103.3,103.6,109.6
1107101000,乗用車,640.7,122.2,122.5,100,96.5,95.1,114.6,106.5,106.5,122.4,119.9,98.1,92.5,99.0,112.6,108.6,128.0,116.7,114.9,129.3,128.8,121.8,122.5,116.9,118.5,56.9,103.8,120.8,110.9,97.7,80.1,97.5,94.7,81.6,100.2,104.1,110.0,109.1,116.0,123.5,101.9,102.2,106.7,115.3,110.0,102.9,102.9,110.1
1107102000,トラック,122.9,124.4,121.4,100,119.2,118.8,113.9,103.0,111.8,124.9,118.0,103.0,117.0,119.6,105.7,108.1,125.3,124.3,121.1,126.8,127.3,122.7,119.4,116.0,113.9,77.3,93.7,115.0,126.1,120.1,110.4,120.1,117.4,106.1,125.7,126.1,120.6,106.1,110.3,118.4,87.9,108.4,108.0,107.6,108.4,110.9,111.4,116.4
1107103000,車体・自動車部品,474.3,123.9,119.2,100,103.5,97.8,109.8,102.0,102.7,123.2,116.9,100.1,100.6,98.4,107.7,103.6,125.7,121.7,119.8,128.4,122.9,119.4,119.1,115.6,113.6,64.4,102.9,119.1,113.9,106.8,92.8,100.6,102.2,89.3,98.8,100.9,104.6,105.9,111.6,117.1,96.4,100.6,103.0,107.9,103.0,100.8,101.6,105.4
1107104000,二輪自動車,10.3,139.4,119.9,100,139.0,150.6,165.3,148.5,165.2,132.3,121.6,102.9,133.0,156.5,167.8,152.0,164.3,127.6,112.1,153.5,135.8,95.0,105.5,143.4,142.4,54.1,79.4,124.1,154.2,137.4,120.8,143.6,129.9,112.6,171.0,188.8,153.5,158.3,160.4,188.8,163.7,125.3,120.7,184.1,177.7,154.4,138.2,190.5
1107200000,輸送機械工業（除．自動車工業）,254.2,112.6,120.0,100,82.0,91.3,103.1,113.9,112.7,115.4,122.5,88.0,81.7,95.0,107.2,113.3,112.3,108.7,110.6,118.9,123.6,117.8,120.4,118.3,133.5,83.8,89.5,93.2,85.4,80.1,79.2,83.1,84.2,86.9,94.5,99.5,99.1,97.4,105.1,110.7,115.7,107.7,120.2,111.8,113.4,107.3,112.3,117.9
1107201000,産業車両,17.6,123.3,111.9,100,118.3,125.0,117.4,112.1,106.3,124.2,108.6,99.8,122.1,124.2,114.1,112.0,114.3,116.5,122.7,139.6,118.1,117.7,125.7,86.1,105.0,95.0,94.2,105.8,104.3,114.3,121.6,132.9,119.6,116.5,125.7,138.2,116.2,115.5,115.9,121.9,103.3,111.4,112.7,120.8,102.9,101.2,109.7,111.2
1107202000,航空機部品,105.5,124.9,137.4,100,69.4,93.3,124.0,152.8,149.1,130.8,142.9,77.1,70.2,102.3,134.6,152.6,118.2,121.8,121.9,137.7,141.8,137.5,136.5,133.7,163.9,60.5,84.3,91.3,72.2,69.3,63.8,72.2,75.6,82.1,101.5,113.8,111.7,109.7,133.1,141.4,154.3,141.6,170.4,145.0,153.3,136.5,146.3,160.1
1107203000,船舶・同機関,111.3,102.0,107.5,100,84.6,81.8,84.3,84.5,86.7,101.8,109.9,95.0,81.5,82.5,84.8,84.2,104.5,101.9,100.4,101.3,103.5,104.6,108.3,113.4,113.4,103.3,93.8,89.5,93.5,83.4,81.3,80.3,81.0,82.2,84.6,79.4,83.7,87.7,83.8,82.2,85.4,82.8,83.3,86.3,84.3,87.1,88.5,86.6
1108000000,窯業・土石製品工業,352.8,115.6,110.8,100,103.9,99.2,94.1,90.2,87.5,114.9,109.9,98.9,103.2,97.3,93.2,89.3,112.8,114.1,114.4,120.9,110.1,109.8,109.5,113.7,106.6,92.5,93.6,107.3,102.3,103.5,102.3,107.6,99.6,98.8,98.0,100.3,92.3,92.9,93.4,97.8,88.7,88.7,89.0,94.5,85.1,86.9,86.5,91.5
1108001000,ガラス・同製品,86.1,120.4,115.4,100,103.0,100.4,104.3,97.7,95.6,119.3,114.8,97.8,102.3,100.3,103.2,97.0,117.5,117.4,119.3,127.3,113.1,115.8,116.0,116.6,110.7,88.1,94.3,106.8,101.9,105.0,101.7,103.4,99.1,95.8,101.3,105.5,98.7,103.9,106.2,108.2,94.6,96.2,96.8,103.4,91.5,97.0,93.6,100.3
1108002000,セメント・同製品,112.5,109.2,105.5,100,97.1,94.8,87.5,83.0,78.9,109.2,104.7,97.9,97.3,93.1,86.0,82.0,105.8,105.9,107.7,117.5,105.7,102.2,102.3,111.6,102.5,93.4,95.4,108.7,93.9,94.5,95.4,104.6,94.6,93.7,92.7,98.1,87.8,84.8,86.0,91.4,82.0,81.2,81.1,87.9,77.8,78.6,76.5,82.5
1108003000,陶磁器・同関連製品,97.3,111.4,106.8,100,109.0,96.2,85.8,85.8,85.8,110.3,107.1,101.1,106.1,92.1,86.0,85.5,109.1,113.4,111.0,112.0,104.8,106.5,106.2,109.9,105.9,93.4,92.6,108.1,110.4,110.4,107.3,107.8,99.0,98.9,95.2,91.8,82.5,84.8,85.7,90.0,83.4,84.4,85.9,89.4,82.4,83.3,88.1,89.4
1108004000,その他の窯業・土石製品,56.9,128.0,121.2,100,110.1,111.0,106.2,100.8,95.1,127.4,117.6,99.0,111.6,110.2,104.7,98.9,125.9,126.9,126.2,133.0,123.5,121.6,119.5,119.9,109.4,96.1,90.9,103.6,105.6,107.0,108.1,119.6,111.4,113.1,108.4,111.0,108.2,106.2,102.1,108.3,102.1,99.9,98.2,102.9,94.4,94.0,92.7,99.3
1109000000,化学工業,1233.0,112.0,110.9,100,104.5,103.6,99.7,98.9,98.3,112.7,108.9,99.3,105.0,102.4,99.4,98.5,109.3,108.6,112.0,118.0,112.4,108.9,111.2,111.0,104.7,95.1,98.5,101.6,101.9,103.3,104.5,108.3,104.0,102.2,104.3,104.0,99.2,98.5,99.0,101.9,98.2,96.5,99.1,101.5,96.6,96.5,99.0,101.0
1110000000,化学工業（除．医薬品）,1014.3,114.9,113.6,100,105.1,101.1,94.6,91.6,90.4,115.3,111.6,99.0,105.0,99.1,93.9,90.9,113.8,111.2,113.7,120.9,115.2,111.8,114.3,113.2,107.0,93.1,97.8,102.1,103.1,103.8,105.6,107.7,103.0,99.5,101.3,100.4,95.3,92.7,93.7,96.6,92.5,89.6,91.1,93.1,89.9,89.0,90.3,92.6
1109100000,無機・有機化学工業,525.6,114.8,113.6,100,109.3,100.5,91.7,86.8,84.9,114.2,111.7,100.1,108.0,97.9,90.4,86.1,119.8,107.3,113.2,118.9,117.4,109.9,113.8,113.4,109.6,88.1,97.8,104.4,110.3,105.7,109.4,111.7,105.3,96.6,101.8,98.2,94.8,88.6,91.0,92.6,89.6,82.9,86.0,88.5,87.1,82.2,82.6,87.6
1109101000,無機化学工業製品,97.7,114.7,112.2,100,109.6,105.2,100.6,97.5,94.4,114.8,111.1,101.6,107.7,103.4,99.8,97.5,114.7,110.3,115.7,117.9,115.1,110.3,114.6,108.7,110.8,82.3,96.0,111.0,117.2,106.0,107.8,107.5,109.6,98.8,106.6,105.6,102.6,94.2,102.7,103.0,99.1,95.9,98.1,97.1,98.8,88.9,94.6,95.5
1109102000,石油化学系基礎製品,73.7,112.7,113.2,100,104.0,92.6,88.4,82.3,81.6,112.9,109.8,99.7,101.5,92.7,86.8,81.4,117.8,102.9,109.8,120.5,118.5,106.9,111.3,116.1,104.8,89.4,100.3,105.5,103.7,97.0,103.4,112.0,93.7,86.9,93.2,96.6,94.0,83.6,86.9,89.1,87.3,77.9,77.2,86.9,83.7,77.7,77.7,87.3
1109103000,脂肪族系中間物,66.6,109.2,111.8,100,108.9,97.2,86.4,81.7,78.2,107.7,110.9,100.0,107.6,93.6,85.4,80.5,120.2,98.2,106.6,111.7,114.2,107.9,112.1,113.0,110.7,87.2,99.5,102.5,110.6,105.4,106.2,113.3,105.6,95.4,94.1,93.8,90.9,83.2,81.9,89.8,86.7,76.6,80.2,83.3,81.8,75.9,75.7,79.6
1109104000,環式中間物,76.5,118.5,118.0,100,106.3,96.9,80.7,71.2,66.0,116.7,115.6,98.2,107.9,91.0,77.9,68.9,129.7,108.3,111.3,124.5,122.6,115.7,116.8,116.8,113.0,93.6,98.4,95.0,105.6,104.1,108.2,107.4,112.0,92.4,91.8,91.5,88.3,81.5,78.4,74.7,76.8,63.0,69.1,75.7,67.9,65.9,65.2,65.0
1109105000,プラスチック,167.6,113.1,110.5,100,110.1,101.2,94.3,88.9,89.4,112.3,109.0,100.5,108.6,99.2,93.0,88.7,117.5,104.5,113.4,116.9,114.2,104.6,111.5,111.7,108.0,87.2,98.8,105.9,110.2,105.3,112.2,112.7,104.1,97.6,104.7,98.3,96.1,90.3,94.2,96.7,91.0,84.2,88.2,92.3,89.8,86.3,86.8,94.7
1109106000,その他の有機化学工業製品,43.5,127.6,124.7,100,119.8,112.0,95.3,96.8,94.8,128.2,120.9,100.1,118.1,107.8,96.0,98.0,126.0,130.6,125.5,128.2,128.7,127.3,122.9,119.8,113.6,94.7,90.1,101.6,114.0,124.7,118.7,121.5,107.5,114.0,123.9,102.7,90.7,99.6,95.5,95.4,93.3,101.5,104.2,88.3,97.9,97.0,88.9,95.4
1109200000,化学工業（除．無機・有機化学工業）,707.4,109.9,108.8,100,101.0,106.0,105.5,107.8,108.3,111.7,106.9,98.7,102.8,105.8,106.1,107.6,101.5,109.6,111.1,117.4,108.7,108.2,109.2,109.2,101.1,100.3,99.0,99.6,95.7,101.6,100.8,105.7,103.0,106.4,106.2,108.2,102.4,105.8,105.0,108.8,104.6,106.7,108.8,111.2,103.8,107.1,111.3,111.0
1110300000,化学工業（除．無機・有機化学工業・医薬品）,488.7,115.0,113.6,100,100.5,101.7,97.6,96.8,96.4,116.4,111.4,97.8,101.9,100.5,97.6,96.0,107.3,115.5,114.3,123.0,112.8,113.8,114.7,113.0,104.2,98.4,97.8,99.5,95.3,101.8,101.6,103.5,100.6,102.5,100.8,102.8,95.8,97.1,96.5,101.0,95.7,96.8,96.6,98.0,92.8,96.2,98.5,98.0
1109201000,化学肥料,10.4,104.3,104.6,100,101.8,99.0,83.0,80.7,79.3,102.4,105.2,98.4,102.0,97.3,80.5,79.1,114.0,104.0,87.9,111.0,106.6,112.6,97.5,101.7,108.8,93.5,91.5,106.2,102.5,108.3,97.2,99.1,103.2,95.5,86.8,110.5,96.5,88.1,67.5,79.8,86.5,77.0,72.2,87.1,80.0,87.0,71.6,78.6
1109202000,塗料・印刷インキ,59.9,114.4,113.0,100,101.6,99.5,97.9,95.4,93.1,114.5,110.9,99.2,101.2,98.8,96.5,95.4,110.4,114.1,111.2,121.7,111.2,114.1,111.8,114.7,103.0,92.9,96.3,107.8,99.7,101.7,99.7,105.3,98.0,99.6,98.6,101.8,95.1,97.8,95.6,102.9,89.7,96.7,94.1,101.1,89.7,93.7,91.9,97.2
1109203000,洗剤・界面活性剤,158.6,98.8,100.1,100,102.3,103.8,98.5,97.2,98.3,101.6,99.3,101.1,103.0,103.2,96.8,98.3,84.1,101.2,101.2,108.8,95.0,100.6,104.1,100.7,92.0,102.1,102.9,103.0,96.4,101.3,105.9,105.7,99.1,101.9,105.1,108.9,96.8,96.2,98.8,102.2,89.8,94.1,97.2,107.5,94.2,96.5,99.9,102.6
1109204000,化粧品,259.8,125.5,122.3,100,99.2,101.0,97.6,97.5,96.7,126.5,119.2,95.4,101.3,99.3,99.0,95.5,120.5,125.0,124.1,132.5,124.2,121.7,122.6,120.6,111.7,97.8,95.3,95.2,93.3,101.8,99.5,102.0,102.0,103.8,99.2,98.9,95.3,97.8,96.4,100.7,101.0,99.3,97.7,91.8,93.2,97.0,100.3,96.1
1111000000,石油・石炭製品工業,175.6,118.5,117.8,100,100.3,106.6,102.1,95.9,94.7,118.1,115.7,96.9,102.4,106.5,100.2,94.1,124.9,110.0,119.7,119.3,123.4,110.9,117.9,118.8,115.0,87.1,93.5,104.3,102.5,88.3,100.3,110.1,110.8,98.9,106.7,110.2,110.2,93.1,101.7,103.5,102.3,91.8,89.3,100.0,95.1,88.7,93.3,101.6
1111001000,石油製品,164.7,119.1,118.3,100,100.2,107.2,102.7,96.4,95.5,118.7,116.0,96.8,102.4,107.2,100.7,94.6,126.0,110.0,120.4,119.9,124.3,110.9,118.4,119.5,115.4,86.4,93.6,104.6,102.5,87.3,100.3,110.7,111.5,98.9,107.4,111.2,111.2,93.0,102.1,104.6,103.3,92.1,89.4,100.8,95.9,89.2,94.1,102.7
1111002000,石炭製品,10.9,109.4,109.7,100,102.3,97.7,93.2,87.2,82.6,109.7,109.6,98.4,101.5,96.4,91.6,86.1,108.1,110.2,109.3,110.2,109.2,111.7,110.2,107.8,108.8,96.9,93.4,100.8,102.4,103.2,101.3,102.4,99.1,99.0,96.6,96.1,94.0,95.0,95.3,88.4,87.6,87.3,86.6,87.3,83.0,82.0,81.8,83.5
1112000000,プラスチック製品工業,464.7,108.6,107.0,100,102.9,100.8,98.8,97.9,98.0,108.5,106.4,99.8,102.3,99.6,98.1,98.6,106.0,108.6,106.9,112.8,105.8,108.2,106.7,107.4,103.4,92.0,98.8,105.8,102.6,104.5,100.2,104.3,100.4,100.8,101.0,101.0,95.7,98.5,97.8,103.1,93.0,98.4,97.9,102.2,96.1,98.8,97.4,99.7
1112001000,プラスチック製管・フィルム・シート・建材類,221.9,108.1,105.2,100,103.1,99.8,91.6,92.5,93.0,107.7,104.3,99.9,103.2,97.3,91.0,93.2,105.0,108.6,106.0,112.6,103.4,105.5,104.3,107.5,99.9,100.6,96.8,102.7,99.4,103.7,102.6,106.9,99.5,102.2,99.4,98.1,89.7,92.7,89.1,94.8,87.5,93.1,92.3,97.4,90.1,94.9,92.5,94.4
1112002000,工業用プラスチック製品,147.0,109.6,111.3,100,102.0,100.1,108.2,102.3,101.7,110.1,110.9,99.7,99.8,100.7,106.7,103.8,110.9,106.7,106.1,114.9,112.9,110.9,111.5,110.0,111.4,72.9,100.6,115.1,110.4,102.9,93.7,101.1,101.4,92.2,100.9,105.7,104.1,103.9,108.6,116.2,98.2,100.6,101.9,108.3,104.2,98.3,99.0,105.3
1112003000,発泡プラスチック製品,21.2,107.6,104.2,100,100.6,98.5,94.6,94.0,91.4,107.9,103.0,99.6,100.1,97.5,94.5,93.5,102.8,104.8,106.0,116.9,103.8,102.2,102.0,108.9,98.9,97.1,97.7,106.3,97.2,98.0,101.6,105.8,95.0,99.4,97.5,102.2,91.0,91.9,94.2,101.1,90.7,92.0,93.0,100.3,88.5,88.8,90.8,97.4
1112004000,プラスチック製日用雑貨・容器類,74.6,108.3,104.9,100,104.5,105.9,102.8,106.1,107.2,107.9,104.9,99.8,105.5,104.8,103.2,106.1,100.7,113.1,111.3,107.9,99.4,112.6,105.5,102.0,99.3,102.5,101.5,96.8,98.4,111.8,105.4,102.4,102.5,114.0,106.9,100.3,98.1,107.1,103.3,102.6,99.6,111.4,108.2,105.0,99.7,113.9,110.3,104.9
1113000000,パルプ・紙・紙加工品工業,236.5,112.4,110.0,100,103.0,101.9,96.2,94.7,92.5,112.0,109.1,98.8,103.3,100.7,95.1,94.5,111.1,112.9,110.2,115.3,109.6,109.6,111.6,109.4,105.7,94.9,95.9,103.5,100.8,103.2,102.6,105.4,102.2,101.9,101.9,101.9,97.1,95.7,95.5,96.5,92.5,93.3,95.4,97.5,91.8,92.0,92.8,93.3
1113001000,パルプ,27.2,122.3,118.7,100,107.9,107.1,100.9,101.2,96.2,122.3,116.6,97.5,108.3,106.8,99.4,101.3,125.2,119.5,120.4,124.0,125.4,113.7,123.4,112.1,117.1,87.3,93.8,101.8,106.9,104.2,109.6,110.7,108.8,102.6,110.7,106.5,107.5,94.3,104.1,97.7,101.5,92.8,108.5,102.1,101.6,89.6,100.7,92.8
1113002000,紙,77.1,122.4,118.4,100,102.6,99.5,93.0,89.7,86.1,121.5,116.4,97.2,102.5,98.4,91.4,89.2,125.7,122.7,118.6,122.8,121.9,117.1,120.6,114.0,113.8,90.1,93.6,102.4,102.7,101.7,103.7,102.3,102.3,98.4,99.0,98.2,98.2,91.5,93.2,89.0,91.7,85.9,91.0,90.2,89.6,83.8,87.4,83.6
1113003000,板紙,52.4,103.9,102.7,100,105.3,106.8,100.0,99.6,98.5,104.4,101.9,100.7,106.2,104.7,99.6,99.4,101.2,103.6,103.0,107.6,103.5,102.5,100.2,104.7,100.0,97.1,97.2,105.6,103.1,106.4,103.4,108.4,106.5,107.4,105.9,107.2,98.3,101.3,97.1,103.3,96.8,99.4,98.3,103.8,96.0,99.7,96.1,102.1
1113004000,紙加工品,79.8,104.9,103.7,100,100.2,99.4,95.2,94.1,93.4,104.3,104.1,99.4,100.6,98.1,94.1,94.2,98.5,107.4,103.4,110.2,96.2,105.4,106.4,106.9,97.8,100.7,97.9,103.7,95.4,102.2,98.7,104.5,97.0,101.4,99.0,100.3,91.7,96.6,93.6,98.9,87.5,96.5,93.3,98.9,87.8,95.7,93.1,97.0
1114000000,食料品・たばこ工業,1377.9,102.6,103.2,100,99.4,98.7,98.3,98.1,97.1,102.8,102.9,99.6,99.2,98.7,98.1,98.3,95.8,105.6,102.3,106.9,96.3,106.6,104.4,105.3,95.1,102.9,100.7,101.3,93.5,102.7,98.6,102.6,92.7,100.9,100.4,100.6,92.8,100.8,98.9,100.7,91.9,100.6,98.4,101.5,92.8,98.4,97.2,100.2
1114001000,肉加工品,115.7,98.9,99.6,100,100.0,99.5,98.6,97.6,96.3,98.6,100.4,99.6,100.3,99.3,98.7,96.7,93.1,101.0,96.4,105.0,92.0,100.9,98.7,106.6,95.3,102.0,97.3,105.4,93.6,101.0,98.5,106.7,95.0,100.6,97.4,104.8,94.4,100.2,96.2,103.6,94.6,99.5,95.2,101.0,90.8,97.8,95.6,100.9
1114002000,乳製品,130.6,99.6,98.9,100,99.7,98.6,97.0,96.4,94.7,99.3,99.4,99.7,99.7,98.3,96.6,96.3,96.5,102.8,100.1,98.9,95.6,101.3,99.7,98.8,97.9,102.8,101.3,98.1,96.7,102.8,100.5,99.0,96.5,101.0,99.8,97.1,95.2,99.5,97.9,95.3,93.6,98.5,97.3,96.4,92.9,97.2,95.3,93.4
1114003000,水産・野菜食料品,80.5,100.0,101.3,100,105.3,111.5,107.8,100.5,93.8,100.9,100.7,101.3,108.1,111.5,105.1,99.0,97.8,92.8,95.9,113.6,101.4,94.6,98.4,111.0,98.9,95.4,96.4,109.3,104.0,100.9,101.5,114.9,115.2,107.5,104.1,119.0,115.5,104.7,99.8,111.3,104.4,98.9,94.1,104.5,98.6,93.1,86.7,97.0
1114004000,食用油脂,28.0,103.9,104.9,100,100.3,97.0,93.3,95.2,95.6,103.9,104.1,99.9,99.5,96.0,93.5,95.6,100.1,106.7,99.6,109.2,100.0,107.2,103.4,109.1,96.7,103.5,96.0,103.8,96.5,103.3,99.8,101.4,93.4,101.2,93.2,100.1,89.5,95.6,89.9,98.1,90.3,99.3,93.3,97.7,92.0,97.2,95.1,97.9
1114005000,調味料,53.5,103.6,103.2,100,99.6,98.8,97.9,98.3,98.6,103.6,103.2,99.5,99.8,98.4,97.3,98.2,96.5,104.9,101.2,112.0,96.1,103.4,101.6,111.5,96.1,96.0,99.4,108.5,94.3,101.6,95.1,107.3,95.1,98.8,96.9,104.3,93.7,97.6,95.4,105.0,91.2,98.7,96.7,106.7,90.7,99.4,97.2,107.3
1114006000,糖類,32.5,109.5,107.6,100,99.7,101.4,101.0,101.7,100.9,109.5,106.9,98.2,100.1,101.3,101.2,102.1,97.8,120.0,110.2,110.2,97.8,117.6,105.7,109.1,95.2,105.2,98.3,101.4,87.7,108.5,100.3,102.2,89.4,108.7,100.9,106.6,88.9,109.3,102.8,103.1,89.5,110.6,103.9,102.6,91.3,109.0,101.4,102.0
1114007000,製粉・調整粉,33.5,103.2,102.2,100,98.8,97.8,97.1,98.8,99.2,103.1,102.2,98.9,98.8,97.5,97.5,98.7,99.4,103.9,99.6,110.0,98.8,102.6,99.8,107.7,98.9,99.5,97.3,104.4,94.6,99.3,95.5,105.9,94.4,100.7,93.2,102.9,93.4,99.4,93.5,102.4,94.7,99.6,95.4,105.4,94.3,100.5,96.7,105.1
1114008000,パン・菓子,204.0,99.5,99.5,100,99.4,96.2,94.9,95.3,95.8,98.8,100.0,99.8,98.6,96.3,94.6,94.8,101.6,99.0,95.0,102.5,98.6,100.1,96.5,102.8,100.5,103.8,94.7,101.0,99.8,102.2,96.6,98.8,96.9,99.9,92.6,95.6,97.0,98.3,90.9,93.6,95.8,98.8,91.6,95.0,93.7,101.6,90.7,97.3
1114009000,麺類,123.4,98.5,98.4,100,99.3,98.0,97.0,96.3,98.3,98.6,99.0,100.2,98.5,97.8,96.9,96.3,97.6,99.6,95.1,101.7,97.9,101.2,95.0,99.4,100.2,106.3,93.3,100.1,100.8,100.9,94.8,100.7,97.7,99.3,94.5,100.5,96.8,98.5,94.7,98.3,96.3,98.7,92.1,98.3,96.1,101.4,94.6,101.2
1114010000,清涼飲料,136.8,106.2,106.0,100,99.1,98.5,95.8,97.1,96.0,106.5,104.4,100.1,99.3,98.3,95.9,95.7,88.2,123.7,117.8,95.0,89.4,124.7,115.3,94.7,83.1,118.3,111.2,87.4,83.4,116.4,107.9,88.9,84.1,107.8,112.7,89.5,83.2,104.1,107.2,88.6,83.8,105.6,108.8,90.1,78.4,104.0,110.1,91.4
1114011000,酒類,342.3,100.9,104.4,100,98.2,98.8,99.6,101.7,101.2,102.7,103.8,99.7,97.6,98.8,100.5,103.5,83.3,104.6,102.1,113.4,90.6,106.2,110.6,110.0,88.2,101.8,105.7,104.3,87.1,101.1,96.0,108.5,84.8,101.6,107.0,101.7,84.8,100.8,104.4,108.4,88.5,102.4,104.9,111.1,95.6,95.9,104.8,108.6
1115000000,その他工業,693.9,117.4,115.2,100,105.5,104.5,100.3,95.2,94.2,117.0,113.6,98.7,105.7,103.7,98.4,95.0,118.4,117.6,113.9,119.7,116.5,115.4,114.6,114.2,110.1,91.3,94.0,104.6,104.9,105.6,103.9,107.4,105.7,104.0,103.0,105.3,102.7,100.5,96.9,101.3,94.9,94.9,93.7,97.1,94.3,94.2,92.7,95.5
1115100000,繊維工業,150.1,119.6,115.4,100,100.6,100.9,96.6,92.5,89.2,118.9,114.1,96.9,101.7,99.9,94.1,92.9,119.3,121.6,117.5,119.8,116.6,116.8,116.0,112.4,111.2,101.1,93.2,94.5,98.7,100.2,102.2,101.4,102.9,100.7,101.1,98.9,98.8,98.6,95.4,93.4,89.0,94.0,94.5,92.5,90.5,91.4,89.3,85.7
1115101000,繊維,54.9,122.3,115.6,100,106.6,107.3,97.6,91.0,86.3,121.0,114.6,97.2,109.0,105.1,93.3,91.6,122.6,126.1,122.2,118.2,117.5,118.4,118.2,108.3,113.4,103.6,92.6,90.3,102.1,107.1,112.5,104.7,111.8,109.1,110.2,98.2,102.8,101.2,99.1,87.5,85.5,95.1,97.5,85.8,88.0,89.3,90.7,77.4
1115102000,織物,30.1,122.0,125.4,100,102.9,107.8,109.4,108.0,109.8,123.7,122.9,96.2,104.4,108.8,107.6,110.2,117.3,123.4,121.3,125.9,124.1,127.4,126.7,123.5,114.3,104.6,85.7,95.4,99.2,101.3,103.6,107.7,105.1,106.1,108.8,111.1,109.1,114.1,107.1,107.4,101.7,106.3,108.9,115.2,110.4,113.0,107.6,108.3
1115103000,染色整理,20.4,121.1,117.9,100,102.9,102.2,101.9,96.0,93.4,120.4,116.2,97.6,103.0,102.5,99.8,95.8,119.1,123.1,117.0,125.1,116.4,118.8,115.6,120.9,109.5,98.2,89.4,102.9,99.9,102.8,102.4,106.5,100.4,100.7,100.9,106.8,101.4,103.1,100.1,103.0,93.0,97.5,93.6,100.0,92.2,95.8,90.2,95.3
1115104000,繊維製品・粗製品,44.7,113.9,107.5,100,90.8,87.8,84.1,82.3,77.0,112.4,106.7,96.6,90.2,86.4,83.4,81.4,116.4,114.2,109.6,115.3,110.5,106.9,106.2,106.3,107.4,96.9,100.6,95.1,93.7,89.8,88.6,90.9,91.6,86.7,85.0,87.9,85.8,83.0,80.8,86.9,83.0,82.9,81.4,81.8,79.3,77.4,75.0,76.2
1115200000,木材・木製品工業,94.0,111.7,112.6,100,108.4,104.9,95.8,89.3,91.7,112.2,111.4,98.9,109.3,102.4,94.2,89.7,108.5,114.1,109.3,114.8,110.5,113.5,112.5,113.9,105.9,97.6,92.2,104.4,101.5,110.4,109.3,112.2,105.1,110.0,104.3,100.1,95.2,97.1,91.5,99.5,88.8,90.2,86.2,91.9,90.4,93.2,89.5,93.6
1115201000,木材・木製品,94.0,111.7,112.6,100,108.4,104.9,95.8,89.3,91.7,112.2,111.4,98.9,109.3,102.4,94.2,89.7,108.5,114.1,109.3,114.8,110.5,113.5,112.5,113.9,105.9,97.6,92.2,104.4,101.5,110.4,109.3,112.2,105.1,110.0,104.3,100.1,95.2,97.1,91.5,99.5,88.8,90.2,86.2,91.9,90.4,93.2,89.5,93.6
1115300000,家具工業,59.1,108.8,109.6,100,102.5,101.1,97.2,97.4,96.5,108.4,109.1,99.0,101.1,100.7,96.8,97.2,121.6,100.0,99.4,114.2,119.8,100.0,107.2,111.3,117.8,86.3,92.0,104.0,113.8,96.5,96.1,103.7,108.1,93.2,96.9,106.2,106.6,91.1,89.8,101.2,105.0,89.7,91.7,103.3,104.1,88.6,89.9,103.4
1115301000,家具,59.1,108.8,109.6,100,102.5,101.1,97.2,97.4,96.5,108.4,109.1,99.0,101.1,100.7,96.8,97.2,121.6,100.0,99.4,114.2,119.8,100.0,107.2,111.3,117.8,86.3,92.0,104.0,113.8,96.5,96.1,103.7,108.1,93.2,96.9,106.2,106.6,91.1,89.8,101.2,105.0,89.7,91.7,103.3,104.1,88.6,89.9,103.4
1115400000,印刷業,182.5,114.4,111.0,100,99.9,97.8,93.0,88.5,85.7,113.9,109.1,98.7,99.2,97.6,90.8,87.7,115.9,113.7,110.7,117.2,114.1,111.2,109.2,109.4,106.3,93.8,95.1,104.8,101.3,99.8,96.4,102.0,98.5,98.1,94.9,99.7,97.8,92.6,88.7,93.0,88.8,88.0,86.1,91.1,85.8,85.7,82.8,88.7
1115401000,印刷,182.5,114.4,111.0,100,99.9,97.8,93.0,88.5,85.7,113.9,109.1,98.7,99.2,97.6,90.8,87.7,115.9,113.7,110.7,117.2,114.1,111.2,109.2,109.4,106.3,93.8,95.1,104.8,101.3,99.8,96.4,102.0,98.5,98.1,94.9,99.7,97.8,92.6,88.7,93.0,88.8,88.0,86.1,91.1,85.8,85.7,82.8,88.7
1115500000,ゴム製品工業,137.6,122.3,120.9,100,113.0,111.2,109.9,102.7,104.2,122.5,118.5,100.1,113.2,110.5,107.6,103.3,120.8,122.5,119.8,126.3,121.6,122.5,120.9,118.4,112.1,74.5,97.2,116.2,112.5,113.5,110.5,115.6,113.1,107.5,108.9,115.0,110.6,108.7,107.2,113.2,101.3,102.6,101.3,105.8,103.4,102.9,103.7,106.8
1115501000,ゴム製品,137.6,122.3,120.9,100,113.0,111.2,109.9,102.7,104.2,122.5,118.5,100.1,113.2,110.5,107.6,103.3,120.8,122.5,119.8,126.3,121.6,122.5,120.9,118.4,112.1,74.5,97.2,116.2,112.5,113.5,110.5,115.6,113.1,107.5,108.9,115.0,110.6,108.7,107.2,113.2,101.3,102.6,101.3,105.8,103.4,102.9,103.7,106.8
1115600000,その他製品工業,70.6,126.1,122.3,100,114.2,118.6,117.2,109.3,108.3,123.3,121.0,99.5,115.3,118.6,116.2,107.6,129.0,129.4,121.4,124.6,118.0,124.6,121.9,124.8,112.6,92.3,91.0,104.1,110.3,118.2,113.2,115.2,114.6,120.5,119.1,120.3,114.5,121.2,114.3,118.8,110.5,110.6,108.6,107.5,103.9,110.8,110.2,108.4
1115601000,時計,10.8,183.3,154.7,100,109.1,132.5,126.5,93.1,104.7,170.5,152.5,92.7,113.4,133.6,122.0,91.0,187.0,184.3,188.9,173.0,135.8,162.9,161.6,158.6,126.8,86.1,87.7,99.3,97.7,114.2,104.6,119.8,115.2,126.1,147.1,141.6,119.8,137.6,123.6,125.2,101.5,102.0,85.7,83.2,93.1,106.7,111.8,107.2
1115602000,楽器,9.1,123.7,127.2,100,113.9,114.7,118.1,103.2,92.4,125.0,127.0,97.7,114.2,116.1,116.4,97.3,117.0,127.0,118.6,132.3,121.9,130.3,126.2,130.3,121.0,70.5,92.0,116.5,111.9,114.7,111.2,117.8,113.0,114.0,113.4,118.6,118.3,120.5,113.4,120.2,111.3,107.6,96.3,97.4,87.7,97.9,91.5,92.6
1115603000,玩具,21.3,96.8,101.5,100,114.9,113.5,117.5,117.3,121.8,95.8,99.8,106.7,112.7,115.3,116.1,118.7,96.6,104.5,91.9,94.0,92.9,104.7,101.4,106.9,86.3,92.6,101.3,119.9,112.9,121.5,117.3,107.6,104.1,120.0,113.2,116.6,111.5,127.6,113.4,117.7,105.9,119.4,123.4,120.5,111.4,125.7,128.1,121.9
1115604000,文具,25.7,125.2,123.4,100,119.5,121.9,116.0,114.6,107.7,123.7,122.5,97.8,122.4,119.2,117.2,112.0,133.6,125.7,116.2,125.2,127.7,122.5,120.0,123.6,123.9,101.4,83.3,91.4,115.2,122.4,117.5,122.8,126.8,124.5,117.7,118.5,116.2,112.6,114.6,120.5,121.0,110.7,113.4,113.2,110.6,108.0,105.2,106.9
1115605000,皮革製品,3.7,140.4,127.8,100,90.0,94.8,94.7,88.6,84.9,137.5,125.2,92.9,89.3,95.8,92.6,88.2,144.7,143.6,137.2,136.1,132.9,128.4,125.5,124.2,122.9,99.9,91.8,85.4,94.6,89.5,89.0,86.8,92.1,95.2,94.9,96.8,96.2,97.8,93.2,91.7,87.8,91.6,86.7,88.3,86.2,87.5,83.2,82.7
1200000000,鉱業,16.5,111.8,106.0,100,99.1,94.9,88.6,84.9,81.1,110.7,104.9,98.8,98.5,93.1,87.3,84.0,115.0,108.4,109.9,114.0,110.5,103.4,104.1,105.8,106.4,95.7,94.4,103.6,101.4,96.8,96.7,101.6,99.0,94.3,91.3,95.1,91.7,86.7,85.7,90.1,86.6,84.2,82.3,86.7,83.0,79.8,79.3,82.5
4010000000,産業総合（鉱工業、電力・ガス・熱供給・水道事業）,10588.9,114.1,111.1,100,105.2,105.2,103.7,101.1,100.9,113.6,109.8,99.7,105.1,104.7,102.7,101.3,114.8,111.4,112.8,117.4,112.9,109.4,112.0,110.0,107.7,88.8,97.6,106.0,106.5,104.3,102.9,107.1,106.0,100.9,107.0,106.8,104.1,101.6,103.1,105.9,100.3,98.4,101.4,104.4,101.0,98.4,100.7,103.4
4010000001,産業総合（鉱工業、電力・ガス・熱供給）,10560.4,114.1,111.1,100,105.2,105.2,103.7,101.2,100.9,113.7,109.8,99.7,105.1,104.7,102.8,101.4,114.9,111.4,112.9,117.4,113.0,109.4,112.0,110.0,107.7,88.7,97.6,106.0,106.5,104.3,102.9,107.2,106.0,101.0,107.0,106.8,104.2,101.6,103.1,106.0,100.3,98.4,101.5,104.4,101.1,98.4,100.7,103.4
4010000100,電力・ガス・熱供給・水道事業,588.9,104.7,102.6,100,101.7,103.4,99.8,100.5,101.0,103.9,102.0,100.5,103.0,101.3,100.1,100.7,113.7,93.2,110.6,101.2,110.4,92.9,107.2,99.9,107.9,87.9,104.1,100.2,109.7,90.7,104.4,101.9,114.8,92.0,107.7,99.2,106.5,87.5,108.9,96.3,107.7,87.1,110.5,96.6,108.5,88.7,110.1,96.6
4010000110,電力・ガス・熱供給,560.4,104.9,102.8,100,101.8,103.7,99.8,100.6,101.0,104.1,102.1,100.5,103.2,101.5,100.2,100.8,114.5,92.8,111.0,101.3,111.1,92.6,107.5,99.9,108.4,87.4,104.1,100.1,110.2,90.3,104.6,102.0,115.7,91.7,108.1,99.2,107.0,87.0,109.3,96.0,108.3,86.5,111.0,96.4,109.1,88.2,110.5,96.4
4080000100,機械工業,4410.9,118.3,113.6,100,107.5,109.0,109.8,106.1,107.0,117.3,112.1,100.1,107.1,109.2,108.4,106.6,122.2,113.6,116.1,121.3,118.0,110.3,115.1,111.0,111.9,81.8,97.1,109.3,112.2,106.3,102.8,108.8,110.6,100.7,112.6,112.1,111.6,106.3,108.2,113.1,106.1,101.5,106.0,110.6,108.3,103.1,105.7,110.7
4080000200,非機械工業,5572.6,111.8,110.0,100,103.8,102.3,99.3,97.4,96.1,111.8,108.8,99.4,103.7,101.5,98.6,97.3,109.1,111.5,110.5,116.0,109.2,110.4,110.1,110.4,104.3,94.4,97.4,104.0,101.7,104.2,102.8,106.4,101.3,102.1,102.5,103.4,98.1,99.4,98.5,101.4,95.0,97.2,96.9,100.4,94.5,95.8,95.8,98.4
4110000000,<旧分類>はん用・生産用・業務用機械工業,1451.9,122.4,113.0,100,116.6,124.9,116.3,111.5,111.6,120.1,110.9,101.4,119.0,123.9,114.9,111.1,128.5,116.9,121.7,122.5,119.4,108.6,115.0,109.1,111.0,91.3,92.2,105.5,116.6,112.4,115.9,121.3,126.4,115.6,131.4,126.1,122.4,113.6,113.0,116.4,116.6,106.3,107.1,116.2,114.8,107.8,108.3,115.3
4100000100,<旧特掲>普通鋼鋼材,132.1,125.3,118.6,100,113.6,103.9,102.4,98.8,96.2,124.3,116.8,99.3,112.5,102.5,102.1,97.6,127.1,127.0,122.0,125.3,122.9,120.5,117.9,113.1,115.6,87.1,91.9,105.3,112.8,113.6,114.7,113.4,108.2,103.4,101.0,103.0,102.8,102.8,102.6,101.3,101.9,98.1,97.9,97.3,97.1,96.6,95.9,95.3
4100000200,<旧特掲>特殊鋼鋼材,62.4,139.0,129.8,100,123.5,113.4,107.0,103.9,102.9,137.8,126.2,100.6,122.0,110.2,107.0,102.9,140.9,141.9,133.6,139.7,136.0,131.6,126.8,124.7,121.8,81.0,84.2,113.0,124.2,124.7,124.9,120.1,118.4,111.8,111.4,111.9,105.8,105.6,109.6,107.1,105.7,102.0,104.5,103.5,101.8,101.9,105.6,102.2
4100000300,<旧特掲>乗用車・トラック,763.6,122.6,122.3,100,100.2,99.0,114.5,105.9,107.4,122.8,119.6,98.9,96.4,102.3,111.5,108.5,127.6,118.0,115.9,128.9,128.5,121.9,122.0,116.7,117.8,60.2,102.2,119.8,113.3,101.3,85.0,101.1,98.4,85.5,104.4,107.6,111.7,108.6,115.0,122.7,99.6,103.2,106.9,114.1,109.8,104.2,104.3,111.1
4100000400,<旧特掲>石油化学製品,311.8,113.9,114.7,100,108.9,97.7,87.8,82.2,81.1,113.6,112.1,99.7,107.4,95.4,86.3,81.6,120.1,104.7,110.7,120.0,119.0,109.9,113.6,116.1,108.7,89.2,98.6,103.4,107.4,105.2,108.8,114.3,101.2,93.5,99.6,96.5,91.9,85.4,85.8,88.1,85.8,77.1,80.3,85.5,83.7,78.7,77.3,84.6
