品目番号,品目名称,出荷ウエイト,2018CY,2019CY,2020CY,2021CY,2022CY,2023CY,2024CY,2025CY,2018FY,2019FY,2020FY,2021FY,2022FY,2023FY,2024FY,2018Q1,2018Q2,2018Q3,2018Q4,2019Q1,2019Q2,2019Q3,2019Q4,2020Q1,2020Q2,2020Q3,2020Q4,2021Q1,2021Q2,2021Q3,2021Q4,2022Q1,2022Q2,2022Q3,2022Q4,2023Q1,2023Q2,2023Q3,2023Q4,2024Q1,2024Q2,2024Q3,2024Q4,2025Q1,2025Q2,2025Q3,2025Q4
1000000000,鉱工業,10000.0,114.9,112.0,100,104.4,103.9,103.2,99.9,99.5,114.4,110.4,99.7,103.8,103.7,102.0,100.0,116.0,112.2,113.1,118.3,114.0,109.7,113.4,110.7,107.9,87.4,97.9,106.8,106.5,103.4,101.3,106.3,104.2,99.5,105.5,106.4,103.5,100.4,102.9,106.1,98.7,97.3,99.8,103.6,99.4,97.0,98.7,102.8
1100000000,製造工業,9986.0,114.9,112.0,100,104.4,103.9,103.3,99.9,99.5,114.4,110.4,99.7,103.8,103.7,102.1,100.0,116.0,112.2,113.1,118.3,114.0,109.7,113.4,110.7,107.9,87.4,97.9,106.8,106.5,103.4,101.3,106.3,104.2,99.5,105.5,106.4,103.5,100.4,102.9,106.2,98.7,97.3,99.8,103.6,99.4,97.1,98.7,102.8
1101000000,鉄鋼・非鉄金属工業,857.3,122.2,115.3,100,110.8,106.6,103.3,99.5,96.4,121.1,113.9,99.5,110.2,105.5,102.2,99.0,122.9,122.9,117.4,125.6,118.4,115.8,114.4,112.6,112.9,87.2,93.4,106.5,111.0,111.4,109.7,111.2,108.7,107.2,104.0,106.4,104.2,103.6,102.9,102.6,99.8,99.3,98.4,100.4,97.9,96.2,95.9,95.5
1101100000,鉄鋼業,517.2,127.8,120.1,100,114.5,107.7,104.2,98.9,95.9,126.2,118.0,99.6,114.0,105.9,103.0,98.0,130.0,127.5,121.6,131.9,123.9,120.7,119.5,116.2,115.7,87.1,90.9,106.3,114.1,114.8,114.1,115.1,112.0,108.5,103.5,106.9,104.7,103.9,104.4,103.9,99.6,98.0,98.2,99.6,96.3,95.8,96.0,95.5
1101101000,鉄鋼粗製品,28.5,118.8,107.8,100,99.4,85.8,84.3,80.4,74.5,113.0,116.2,91.0,97.9,84.5,83.2,81.0,123.1,124.8,112.3,115.2,99.7,112.7,104.9,113.9,133.4,104.2,82.0,80.4,97.3,105.8,96.7,97.9,91.3,93.8,79.1,79.0,86.0,90.2,78.1,83.0,81.5,81.8,82.5,75.6,83.8,78.1,68.6,67.6
1101102000,熱間圧延鋼材,259.6,125.9,119.3,100,115.2,109.7,105.4,100.2,96.1,124.0,116.8,100.3,115.3,107.8,104.2,98.7,129.4,125.4,118.9,129.7,122.1,121.4,119.2,114.3,112.3,88.4,92.4,106.9,113.6,115.1,115.9,116.3,113.9,112.4,104.8,107.7,106.1,106.3,105.5,103.7,101.3,100.5,98.8,100.1,95.3,96.3,96.5,96.4
1101103000,冷間仕上鋼材,89.4,131.0,122.9,100,121.6,110.2,104.4,100.0,99.0,130.2,120.4,101.2,119.7,107.5,103.3,99.5,130.9,130.0,125.6,137.4,127.6,121.6,122.2,120.1,117.8,83.5,86.1,112.6,122.7,121.1,121.0,121.5,115.1,109.1,106.6,109.8,104.6,101.2,106.5,105.1,100.5,96.7,101.4,101.4,98.6,97.9,101.8,97.9
1101104000,鋼管,39.6,133.8,125.3,100,96.3,98.6,95.2,89.6,85.8,134.1,121.1,93.2,98.2,97.4,94.3,88.5,136.7,133.5,127.3,137.6,138.1,117.1,124.7,121.1,121.6,94.7,95.1,88.6,94.5,94.6,96.9,99.1,102.1,98.5,96.2,97.7,97.4,93.1,95.0,95.4,93.8,83.3,89.7,91.5,89.6,83.5,85.2,85.0
1101105000,めっき鋼材,47.4,130.9,123.0,100,116.6,102.3,104.2,99.0,96.3,130.3,120.3,100.2,113.7,101.7,102.3,98.9,132.4,129.3,123.9,137.9,130.0,120.9,122.7,118.1,119.5,85.0,87.1,108.5,120.1,117.6,114.7,113.9,108.8,96.6,97.5,106.5,106.4,100.7,104.7,105.0,98.9,98.6,96.3,102.4,98.3,96.1,96.2,94.6
1101106000,鋳鍛造品,52.7,129.1,119.4,100,119.2,117.3,115.8,107.0,108.4,127.9,116.5,102.2,118.8,115.5,113.9,108.0,128.2,129.0,126.3,132.9,123.3,122.5,117.5,114.2,111.7,73.8,96.9,117.5,120.4,120.7,115.2,120.4,118.9,113.9,116.0,120.5,111.7,115.7,115.7,120.1,104.1,107.0,106.3,110.7,107.8,108.5,106.9,110.2
1101200000,非鉄金属工業,340.1,113.8,108.1,100,105.2,104.8,101.9,100.4,97.1,113.3,107.7,99.4,104.5,104.7,101.1,100.5,112.0,115.9,111.1,116.1,110.1,108.3,106.7,107.2,108.6,87.3,97.1,107.0,106.3,106.2,102.9,105.2,103.8,105.2,104.6,105.7,103.4,103.1,100.5,100.5,100.3,101.2,98.7,101.5,100.4,96.8,95.7,95.6
1101201000,非鉄金属精錬・精製品,144.7,105.7,99.0,100,96.8,100.8,96.7,96.3,86.0,105.2,100.5,97.7,96.0,102.3,96.1,95.7,103.1,110.4,104.5,104.7,101.1,98.4,97.3,99.3,107.0,92.4,100.4,100.3,97.8,97.0,97.0,95.4,94.6,104.0,101.8,102.6,100.9,101.0,96.6,88.1,98.7,99.4,96.1,90.9,96.4,85.3,84.2,78.2
1101202000,非鉄金属圧延製品,81.9,120.3,112.4,100,115.2,110.1,98.8,97.3,98.2,119.1,110.4,101.7,115.4,106.9,97.5,97.3,119.9,123.2,115.7,122.4,115.0,114.8,110.1,109.7,106.7,95.7,89.6,108.0,113.6,119.8,112.8,114.6,114.2,113.9,106.1,106.1,101.4,98.6,94.9,100.1,96.5,98.5,94.5,99.6,96.7,99.8,96.0,100.2
1101203000,電線・ケーブル,57.4,109.7,109.8,100,107.7,106.3,108.3,109.0,114.1,110.4,109.0,100.4,107.1,106.9,108.0,109.5,108.0,106.7,106.6,117.5,110.7,108.5,109.9,110.0,107.7,84.3,96.6,111.3,109.3,105.0,103.6,112.8,106.9,101.4,107.5,109.4,109.3,106.9,104.5,112.5,108.0,104.0,104.1,119.8,110.0,112.6,114.8,119.1
1101204000,非鉄金属鋳物,56.1,129.2,123.3,100,109.4,106.2,113.3,106.9,106.8,128.6,121.1,99.5,108.0,105.7,112.1,108.0,127.7,128.6,125.7,134.7,125.3,124.1,122.5,121.4,116.6,65.0,100.0,118.4,114.5,111.3,102.6,109.2,108.8,99.8,106.8,109.6,106.7,111.1,114.7,120.8,101.9,107.0,105.8,113.0,106.3,106.0,105.7,109.3
1102000000,金属製品工業,424.8,113.7,111.9,100,102.2,100.7,97.0,93.4,90.4,113.9,110.3,99.6,100.8,100.5,95.2,93.7,110.6,109.5,111.4,123.3,111.3,108.7,113.0,114.7,104.7,89.2,97.6,108.5,103.2,100.8,100.4,104.5,97.5,97.8,102.5,104.9,96.7,95.0,95.1,101.2,89.6,91.9,93.4,98.9,90.6,88.6,89.1,93.4
1102001000,建設用金属製品,56.8,108.1,110.3,100,94.7,92.8,97.4,93.7,79.9,108.7,110.3,96.8,92.1,95.3,95.0,93.0,109.5,102.1,108.6,112.1,111.8,103.0,111.8,114.6,111.8,98.7,96.2,93.3,99.2,91.3,94.0,94.3,88.7,87.5,101.6,93.2,98.9,94.8,95.1,100.8,89.3,93.9,98.1,93.5,86.6,82.1,75.4,75.2
1102002000,建築用金属製品,81.5,113.5,113.2,100,99.9,98.1,92.9,86.8,83.5,115.3,110.1,98.8,99.8,97.2,90.9,86.5,104.4,108.9,112.4,128.4,111.5,109.2,115.2,116.8,99.2,94.0,99.2,107.6,94.3,97.0,99.8,108.6,93.8,96.2,98.4,104.0,90.1,91.4,93.2,96.8,82.3,85.6,86.6,92.8,81.0,83.9,82.7,86.5
1102003000,暖房・調理等装置,50.1,108.5,102.1,100,96.1,107.2,87.5,85.5,85.6,104.0,101.1,102.7,91.5,109.6,83.4,86.7,118.9,83.8,94.1,137.0,101.1,79.5,98.8,129.1,97.0,74.2,92.9,136.0,107.6,81.5,91.5,103.9,89.3,101.3,109.0,129.1,98.9,71.6,72.5,107.0,82.5,70.6,77.1,111.7,87.2,72.3,75.1,107.7
1102004000,粉末冶金製品,41.1,126.9,120.6,100,116.7,108.5,97.8,96.5,96.5,127.5,117.6,102.2,115.3,103.2,97.8,96.9,122.6,127.8,125.8,131.3,125.0,122.9,118.2,116.3,113.1,80.5,92.0,114.5,121.8,117.4,112.6,114.8,116.4,107.5,104.8,105.5,95.0,97.0,97.7,101.6,94.8,98.3,96.4,96.3,96.6,94.3,96.0,99.3
1102005000,金属線製品,18.8,120.2,120.5,100,109.8,103.1,96.8,88.9,86.4,121.0,117.0,99.5,109.7,101.3,95.4,87.3,119.3,116.9,117.4,127.1,122.6,121.4,121.6,116.3,108.9,90.3,95.2,105.6,106.7,110.6,109.5,112.5,106.0,101.9,102.5,102.0,98.8,96.6,96.4,95.3,93.3,90.1,85.9,86.3,86.7,83.1,88.4,87.5
1102006000,缶類,103.8,108.9,107.8,100,101.9,98.4,93.7,91.8,89.4,109.3,107.3,99.5,101.3,97.6,92.4,92.1,100.3,111.1,110.6,113.7,101.8,111.5,112.7,105.3,99.7,98.4,102.5,99.4,97.8,105.8,103.8,100.3,95.3,100.0,100.6,97.8,91.8,96.6,94.5,91.7,86.8,92.4,94.0,94.0,88.1,88.7,92.1,88.9
1102007000,その他の金属製品,72.7,119.5,117.4,100,105.2,103.5,112.2,107.9,108.6,120.1,115.2,99.4,103.9,104.4,110.9,109.2,118.4,119.0,115.5,125.2,120.8,117.5,116.7,114.4,112.2,78.6,96.6,112.6,109.7,107.0,98.2,106.0,104.6,96.0,104.5,108.7,108.2,111.2,112.1,117.4,102.8,108.0,107.8,113.2,108.0,107.9,108.5,110.1
1103000000,生産用機械工業,652.8,122.5,111.7,100,120.9,133.4,120.9,118.7,117.7,119.8,109.1,103.0,124.2,132.1,119.9,117.7,131.2,117.8,121.9,119.2,120.3,107.3,114.6,104.5,110.0,92.3,93.3,104.4,122.1,115.9,119.7,126.0,135.2,121.6,142.3,134.5,129.9,116.9,117.9,118.8,125.8,112.8,112.4,123.6,122.0,113.3,112.5,122.9
1103001000,農業用機械,36.3,114.7,114.7,100,117.1,114.9,90.5,75.1,73.9,114.7,111.9,102.0,118.4,109.3,89.1,69.3,115.9,116.5,113.2,113.3,115.8,120.6,126.7,95.8,104.3,85.1,107.4,103.2,112.3,125.1,119.3,111.6,117.6,113.3,120.3,108.6,95.1,91.8,95.3,79.7,89.4,76.4,70.5,63.9,66.6,78.6,77.9,72.5
1103002000,建設・鉱山機械,126.3,107.9,110.2,100,119.1,127.2,131.3,111.2,103.4,111.1,108.2,100.3,123.9,126.0,129.7,104.3,110.3,101.7,101.2,118.5,123.2,112.3,123.7,81.5,115.2,82.6,93.5,108.6,116.5,118.3,117.8,123.9,135.6,109.0,123.8,140.6,130.6,128.1,131.9,134.7,124.0,111.5,104.2,104.9,96.7,104.2,100.9,112.0
1103003000,生活関連産業用機械,37.5,132.9,120.0,100,98.6,94.8,100.2,96.6,95.1,131.1,117.4,97.3,97.3,96.5,100.0,96.5,137.9,123.6,119.8,150.4,130.7,113.6,119.6,116.0,120.2,90.5,86.0,103.4,109.4,91.8,94.0,99.0,104.3,87.8,94.8,92.2,111.2,80.9,93.4,115.1,110.8,89.2,88.6,97.9,110.3,82.7,93.5,94.0
1103004000,基礎素材産業用機械,38.8,125.5,125.5,100,111.7,115.6,105.3,103.9,98.2,123.4,120.8,105.6,106.1,116.1,104.6,103.4,136.3,118.0,119.5,128.3,127.8,114.3,135.2,124.7,109.1,88.7,95.7,106.4,131.5,97.7,107.1,110.6,108.8,99.5,128.1,126.1,110.6,102.4,99.4,108.7,108.0,92.9,106.1,108.6,106.0,97.6,91.8,97.4
1103005000,金属加工機械,72.5,177.5,151.8,100,115.3,138.1,136.7,113.1,114.6,172.0,137.5,98.2,121.1,140.8,129.5,114.7,202.0,164.8,173.4,169.6,180.1,147.3,148.5,131.1,123.0,81.6,98.8,96.6,115.9,112.9,117.9,114.5,139.2,128.5,141.0,143.7,150.0,128.8,136.6,131.3,121.2,100.0,112.1,119.1,127.7,102.0,112.4,116.2
1103006000,半導体・フラットパネルディスプレイ製造装置,202.0,112.4,97.5,100,130.7,152.7,128.2,153.7,150.0,106.9,97.7,106.6,135.2,151.1,132.9,153.5,125.9,110.1,119.4,94.1,103.9,88.4,95.6,102.2,104.6,100.6,90.4,104.5,131.0,121.5,129.2,141.2,149.1,136.8,179.3,145.8,142.5,122.3,124.5,123.7,161.2,145.5,139.9,168.0,160.4,143.2,137.8,158.7
1103007000,機械工具,35.9,111.4,104.6,100,118.5,109.7,92.9,105.5,107.4,109.6,103.2,103.4,120.5,101.6,95.6,106.2,113.0,108.7,110.8,112.9,106.1,103.3,103.0,106.2,100.5,94.1,96.6,108.9,114.2,119.0,117.0,123.8,122.1,115.7,109.4,91.7,89.4,89.3,94.2,98.7,100.1,106.5,105.3,110.1,102.7,106.0,106.8,114.2
1103008000,その他の生産用機械,103.5,123.3,106.3,100,121.8,135.3,116.4,96.7,108.4,118.9,106.2,104.1,125.1,133.7,107.7,100.3,124.5,121.3,124.4,123.1,107.0,102.0,107.0,109.1,106.8,99.3,90.7,103.3,123.3,115.4,120.0,128.4,136.7,127.8,135.5,141.1,130.5,121.4,106.6,106.9,95.7,90.7,97.0,103.3,110.2,105.8,106.2,111.6
1104000000,汎用・業務用機械工業,624.2,123.3,114.8,100,110.5,114.2,110.4,104.5,105.2,121.5,112.6,99.6,111.9,113.2,109.2,103.8,128.8,116.4,123.0,125.2,121.4,107.4,118.3,112.1,112.6,85.2,93.6,108.6,111.1,107.2,110.1,113.5,116.8,107.2,118.2,114.4,113.1,105.7,109.3,113.3,108.6,98.0,104.6,106.8,105.8,101.5,104.4,109.2
1104100000,汎用機械工業,483.7,122.7,113.7,100,112.5,115.9,110.9,102.6,102.8,120.9,111.4,99.8,114.3,114.7,109.4,101.3,127.9,113.8,122.1,126.9,120.8,106.7,116.2,111.1,111.7,86.0,91.9,110.4,111.1,109.1,112.8,117.2,118.1,108.8,119.8,116.9,113.2,106.4,108.7,115.4,107.0,97.3,100.6,105.3,102.1,100.1,101.3,107.7
1104101000,ボイラ・原動機,86.1,147.2,120.3,100,106.8,113.7,112.0,96.2,94.4,142.2,112.4,95.8,109.0,115.9,110.0,92.4,165.7,113.6,154.4,155.3,145.5,104.8,115.9,114.9,114.1,78.6,83.1,124.2,97.2,103.5,116.3,110.1,106.0,106.9,133.9,108.1,114.9,95.4,111.3,126.3,107.0,86.0,96.0,95.9,91.5,88.6,95.6,101.9
1104102000,ポンプ・圧縮機器,137.1,115.3,107.2,100,118.4,122.6,115.5,106.8,109.8,114.5,105.8,101.6,120.3,122.9,111.5,107.5,114.8,114.4,115.2,116.7,111.7,107.3,105.0,104.6,106.3,96.5,94.0,103.2,112.7,117.7,120.0,123.4,120.0,118.1,123.4,129.0,121.0,117.0,112.6,111.5,105.0,104.8,104.5,112.9,107.9,109.1,107.8,114.3
1104103000,運搬装置,69.5,111.1,113.8,100,98.1,107.3,105.0,96.4,95.0,109.3,115.8,96.4,103.7,101.7,108.4,90.8,123.6,92.2,107.0,121.4,116.6,84.5,142.6,111.4,124.8,80.2,89.1,105.9,110.4,77.7,94.8,109.6,132.6,79.4,108.8,108.3,110.3,94.2,97.9,117.6,123.8,78.4,90.9,92.5,101.3,84.6,86.6,107.3
1104104000,冷凍機・温湿調整装置,38.8,115.7,115.3,100,112.4,114.0,111.7,114.1,108.6,115.0,114.3,101.5,111.8,112.9,111.7,113.9,119.6,117.8,110.4,115.0,116.7,117.3,114.9,112.2,112.7,74.4,97.0,115.9,118.8,117.4,103.1,110.4,116.4,111.4,114.3,113.7,112.2,108.7,108.8,117.3,112.0,115.3,113.4,115.6,111.1,111.6,109.6,102.1
1104105000,汎用機械器具部品,152.2,122.5,115.5,100,117.1,115.5,108.7,102.1,103.4,121.4,113.2,101.8,117.4,112.9,106.9,102.4,122.3,122.1,119.9,125.6,118.0,114.6,114.8,114.4,108.8,86.5,94.9,109.8,115.8,116.8,115.1,120.6,117.0,114.2,114.9,115.7,106.9,108.0,108.6,111.3,99.9,100.9,100.8,106.8,101.1,102.7,103.3,106.7
1104200000,業務用機械工業,140.5,125.7,118.5,100,103.4,108.2,108.4,111.3,113.5,123.6,116.6,98.9,103.7,108.2,108.8,112.4,132.0,125.4,126.1,119.3,123.4,109.7,125.4,115.6,115.8,82.2,99.6,102.4,111.4,100.9,100.6,100.8,112.5,101.7,112.8,105.6,112.7,103.6,111.2,106.2,114.0,100.7,118.2,112.3,118.4,106.3,115.3,114.1
1104201000,事務用機器,21.7,96.9,103.2,100,96.5,111.9,103.2,111.4,122.4,96.9,105.7,98.7,98.1,113.2,100.8,115.4,114.3,94.3,93.4,85.6,114.3,81.6,107.2,109.6,124.4,77.1,97.8,100.7,119.1,91.6,85.2,90.2,125.4,91.8,115.5,114.9,130.4,89.9,97.1,95.4,120.6,100.2,107.4,117.4,136.4,113.2,122.7,117.3
1104202000,サービス用機器,10.1,127.3,123.8,100,91.9,96.0,98.9,89.9,95.8,128.0,118.7,95.5,90.7,98.2,94.7,86.3,139.5,134.2,121.4,114.0,142.5,120.4,124.8,107.7,122.1,98.8,96.4,82.6,104.0,85.2,87.4,90.8,99.2,92.0,93.7,98.9,108.1,117.3,93.3,76.8,91.4,96.3,94.3,77.7,76.9,97.5,106.4,102.2
1104203000,計測機器,25.6,117.0,115.3,100,112.4,112.0,100.9,102.5,100.6,117.4,113.4,100.0,114.4,109.0,100.7,101.2,112.0,118.6,126.9,110.4,113.5,119.1,128.9,99.9,105.7,101.5,100.1,92.8,105.7,115.8,118.5,109.5,113.5,109.3,123.7,101.4,101.6,104.1,106.7,91.0,100.9,102.6,113.3,93.3,95.6,102.2,108.8,95.9
1104204000,分析機器・試験機,42.7,106.5,112.4,100,102.4,114.5,128.2,129.1,129.3,107.7,112.6,96.6,103.7,119.2,130.6,130.6,120.6,92.8,104.7,107.6,125.4,99.6,120.4,104.0,126.3,88.8,100.5,84.4,112.9,95.4,102.1,99.3,118.1,107.7,117.4,114.7,137.1,115.7,128.0,132.0,146.7,110.9,133.0,125.9,152.7,113.2,128.6,122.6
1104205000,光学機器・レンズ,40.4,166.8,134.0,100,105.4,100.0,97.5,103.3,104.8,157.6,128.3,101.6,103.2,95.8,98.6,105.2,164.5,178.9,166.8,156.9,127.7,126.7,138.5,143.1,105.0,61.4,100.2,133.5,111.1,106.2,99.1,105.2,102.4,98.3,104.3,95.2,85.5,94.3,108.4,101.8,89.9,90.1,117.3,116.0,97.2,100.3,103.6,118.0
1105000000,電子部品・デバイス工業,506.8,102.9,100.5,100,109.7,108.6,99.0,100.2,104.1,103.2,100.0,102.4,110.8,105.1,99.0,100.2,96.1,97.7,105.6,112.1,97.5,92.1,106.4,105.9,95.5,90.9,106.6,107.0,105.0,105.0,113.7,115.2,109.3,103.1,115.0,107.0,95.1,95.0,102.4,103.6,95.1,94.4,109.5,101.7,95.2,98.4,113.1,109.6
1105001000,集積回路（ＩＣ）,182.6,90.9,98.7,100,112.9,122.2,123.7,132.0,147.8,92.8,100.2,104.0,115.6,121.7,125.4,133.7,78.8,88.7,99.5,96.4,86.5,93.8,108.7,106.0,92.2,87.0,110.5,110.2,108.2,102.8,116.1,124.5,119.0,110.8,132.2,126.8,116.9,114.0,125.1,138.9,123.8,118.9,147.6,137.6,130.8,134.3,165.3,160.8
1105002000,電子デバイス,118.3,125.4,114.0,100,99.5,97.3,76.2,69.4,56.2,126.5,107.4,99.0,101.1,91.4,73.7,66.2,122.8,111.4,119.6,147.7,127.3,92.0,116.0,120.8,100.8,94.9,109.3,95.0,96.9,95.9,102.7,102.7,102.9,88.3,104.9,92.9,79.3,73.7,81.6,70.2,69.2,67.0,76.5,65.1,56.2,54.0,58.5,55.9
1105003000,電子部品,105.3,97.1,90.5,100,110.5,87.8,77.0,78.7,80.0,94.7,93.8,103.9,106.8,79.8,79.9,78.7,89.9,94.1,101.9,102.6,80.2,83.9,99.1,98.9,93.1,88.0,105.1,113.8,108.9,110.6,116.0,106.4,94.2,91.9,87.5,77.7,62.2,76.3,85.8,83.5,73.8,76.6,83.8,80.5,73.7,78.2,87.1,80.8
1105004000,電子回路,57.8,104.6,98.1,100,117.9,117.5,104.1,100.7,105.6,102.7,98.5,102.3,119.5,115.7,101.3,101.3,105.3,101.7,102.1,109.1,97.9,97.1,98.7,98.5,99.5,93.5,96.2,110.8,108.7,115.6,122.3,125.0,115.2,116.5,122.3,115.9,108.0,100.9,104.3,103.2,96.7,99.2,104.9,102.2,98.9,104.6,108.8,110.1
1105005000,その他の電子部品,42.8,103.7,97.9,100,111.7,121.2,104.1,101.2,107.3,104.9,95.8,101.0,115.7,119.6,100.3,102.4,98.9,101.8,106.7,107.4,103.8,98.6,97.5,91.8,95.1,100.5,100.2,104.2,99.3,111.6,117.2,118.6,115.4,121.2,126.6,121.7,108.8,110.7,101.3,95.7,93.7,102.4,107.9,100.7,98.6,109.7,111.3,109.5
1106000000,電気・情報通信機械工業,797.8,112.4,110.1,100,104.3,101.3,102.7,96.2,97.9,110.9,108.7,101.3,102.0,102.7,99.8,96.6,120.6,106.7,111.8,110.6,114.5,105.8,115.0,105.2,109.0,87.3,100.3,103.5,114.3,104.7,98.4,100.0,105.1,95.4,101.6,103.1,110.7,99.7,101.2,99.0,99.2,89.8,96.9,98.6,101.0,94.4,95.3,101.0
1106100000,電気機械工業,594.5,113.5,107.7,100,107.7,107.5,109.1,101.4,103.2,111.7,106.4,101.4,107.0,109.1,105.7,102.4,119.2,110.4,114.2,110.2,112.0,104.9,112.0,101.7,107.0,88.4,101.5,103.2,112.5,110.3,103.1,104.8,109.8,103.4,108.0,108.9,116.2,107.6,108.1,104.8,102.6,96.9,103.4,102.8,106.6,101.3,99.2,105.6
1106101000,回転電気機械,83.9,114.0,107.0,100,109.4,115.0,109.4,100.3,100.9,111.9,107.1,101.1,109.7,114.4,105.8,101.2,116.1,115.7,111.4,112.6,108.1,106.1,106.3,107.7,108.1,82.2,97.0,112.6,112.6,109.6,104.1,111.2,113.7,109.4,116.2,120.6,111.4,110.3,106.0,109.7,97.0,98.7,101.5,103.9,100.6,102.0,101.1,99.8
1106102000,開閉制御装置・機器,87.9,116.7,109.9,100,107.8,109.0,103.1,92.4,95.2,114.0,108.7,99.5,108.6,108.7,98.3,94.0,136.6,105.6,112.4,112.2,125.9,100.7,109.7,103.4,121.0,88.1,90.7,100.1,119.1,100.9,105.9,105.4,122.2,97.6,107.6,108.6,120.8,96.0,97.3,98.3,101.6,81.7,89.6,96.7,108.2,86.1,90.1,96.6
1106103000,その他の産業用電気機械,28.9,131.9,109.3,100,97.5,99.9,107.9,91.7,81.5,125.3,108.0,95.7,98.3,103.5,105.3,86.7,148.1,129.0,123.7,126.7,121.7,110.5,105.7,99.3,116.5,97.7,90.5,95.2,99.2,99.8,93.4,97.6,102.2,92.1,100.6,104.6,116.7,103.6,101.8,109.6,106.2,88.3,84.7,87.4,86.4,79.4,78.1,82.1
1106104000,家事用機器,57.1,102.9,104.2,100,97.4,93.0,86.4,81.3,74.4,103.4,100.6,102.1,95.5,91.4,85.1,80.6,106.8,100.6,109.7,94.7,108.6,100.1,116.9,91.1,94.5,96.0,109.8,99.7,102.8,97.8,95.8,93.3,95.0,84.2,103.5,89.1,88.8,84.0,89.9,82.7,83.8,74.9,85.2,81.1,81.0,70.9,73.7,71.8
1106105000,空調・住宅関連機器,91.7,102.1,101.7,100,94.9,97.2,96.9,102.1,103.8,103.0,98.9,103.3,93.7,98.1,96.7,102.7,93.3,117.1,118.6,79.4,96.7,124.8,112.1,73.2,85.6,122.6,115.1,76.6,98.9,120.2,92.7,67.6,94.4,113.3,107.0,73.8,98.0,108.3,102.5,78.6,97.1,114.8,112.1,84.5,99.4,121.3,109.6,85.0
1106106000,配線・電球・照明器具,99.2,119.7,115.6,100,103.4,100.2,104.5,100.2,101.8,118.9,114.9,98.8,101.2,101.4,102.3,101.0,123.2,110.8,115.2,129.4,120.0,108.4,116.0,117.9,117.2,72.4,94.2,116.3,112.5,100.9,96.6,103.8,103.5,92.5,100.3,104.4,108.4,97.3,102.6,109.9,99.4,93.2,100.0,108.2,102.4,98.5,100.9,105.3
1106107000,電池,97.9,117.7,105.4,100,125.1,120.9,135.6,113.4,125.4,112.6,105.2,103.6,124.0,128.3,126.1,117.5,128.2,111.2,114.7,116.7,107.9,91.5,113.2,109.0,107.2,70.5,113.0,109.3,121.5,126.8,115.8,136.5,116.8,114.2,111.1,141.3,146.5,133.2,136.5,126.1,108.5,99.6,121.7,123.8,125.0,116.0,108.9,151.6
1106108000,電子応用装置,19.6,100.8,108.1,100,117.4,115.4,128.4,130.6,123.4,100.2,107.0,107.9,116.2,117.8,130.3,130.9,110.8,86.2,95.5,110.8,108.4,88.8,123.7,111.7,104.0,87.5,89.2,119.2,135.5,105.0,117.0,112.1,130.7,94.5,116.3,120.0,140.3,123.5,121.1,128.7,147.9,128.3,115.8,130.2,149.4,108.6,103.1,132.5
1106109000,電気計測器,28.3,114.7,107.1,100,122.1,125.4,125.4,123.9,126.9,115.0,105.1,102.8,124.2,126.8,124.9,124.7,115.8,101.5,120.7,120.7,117.3,99.6,105.1,106.2,109.6,89.6,93.7,107.0,121.0,125.5,118.9,122.8,129.6,127.3,116.2,128.6,135.1,121.1,119.7,125.8,133.2,114.9,120.3,127.1,136.4,120.2,118.8,132.0
1106200000,情報通信機械工業,203.3,109.2,117.3,100,94.6,83.1,83.8,80.8,82.7,108.5,115.6,101.2,87.6,84.0,82.5,79.6,124.7,95.7,104.7,111.9,121.7,108.3,123.9,115.4,114.8,84.2,96.6,104.4,119.6,88.5,84.5,85.9,91.5,72.0,83.0,86.1,94.9,76.9,81.3,82.1,89.5,69.3,77.9,86.4,84.8,74.2,84.0,87.7
1106201000,有線通信機器,13.7,75.0,87.2,100,95.5,86.8,97.1,84.1,84.4,79.6,86.8,103.5,87.4,97.7,89.2,83.6,86.0,67.1,71.1,75.6,104.7,71.9,86.1,86.0,103.2,86.1,101.8,109.0,117.2,88.7,83.8,92.3,84.8,80.3,90.0,92.2,128.3,85.9,96.5,77.7,96.5,69.2,81.0,89.8,94.3,71.0,83.3,88.9
1106202000,無線通信機器,42.8,113.1,109.5,100,98.7,83.4,71.7,61.7,54.4,107.4,110.2,97.6,93.1,83.3,70.3,56.3,152.6,80.7,96.4,122.6,129.8,89.7,106.6,111.8,132.8,75.7,90.3,101.2,123.3,86.2,93.3,91.8,101.2,72.1,78.7,81.7,100.8,63.2,56.7,66.0,95.4,38.6,60.6,52.3,73.7,39.2,52.1,52.6
1106203000,民生用電子機械,35.5,134.6,122.1,100,95.3,84.3,87.9,81.5,81.8,134.7,114.7,102.5,90.5,81.6,86.0,82.2,131.6,132.6,134.2,140.1,132.1,124.2,120.1,112.0,102.7,75.9,97.3,124.0,112.6,98.2,80.6,90.0,93.4,75.4,84.6,83.8,82.5,88.3,89.3,91.5,75.1,79.0,84.3,87.5,78.1,79.0,79.3,91.0
1106204000,電子計算機,73.5,93.6,122.6,100,91.0,73.0,74.6,79.0,94.4,92.9,123.8,104.7,78.9,73.0,74.4,80.7,108.1,83.8,92.0,90.4,105.4,114.7,144.2,126.3,110.2,91.2,100.6,98.0,128.8,81.0,78.3,75.8,80.3,61.9,74.2,75.5,80.4,70.3,75.3,72.4,79.5,65.7,74.3,96.3,86.3,89.3,101.9,100.1
1106205000,情報端末装置,37.8,123.9,122.2,100,96.1,100.1,106.9,104.0,92.1,125.8,116.9,96.5,95.6,103.4,106.2,99.9,132.8,111.4,123.2,128.1,140.3,115.0,121.3,112.3,119.0,87.9,93.3,99.9,104.9,96.2,90.5,92.8,102.8,85.4,100.7,111.4,116.0,91.1,108.2,112.1,113.3,102.0,97.4,103.1,97.1,81.4,89.8,100.1
1107000000,輸送機械工業,1798.8,122.5,122.1,100,99.6,97.4,110.8,104.5,106.2,122.6,119.8,98.1,96.3,99.6,109.0,106.6,128.2,118.7,116.3,126.8,128.6,120.4,122.6,117.0,119.4,67.9,97.5,115.2,111.8,100.0,88.6,98.0,98.5,85.9,100.1,105.1,107.3,104.4,111.9,119.8,100.0,101.1,105.6,111.3,108.2,102.6,103.8,110.0
1107100000,自動車工業,1563.0,123.5,121.6,100,101.8,99.1,113.4,105.8,107.3,123.3,118.9,99.4,98.3,101.4,111.0,108.2,127.9,119.4,117.6,129.2,127.2,120.6,121.3,117.2,116.6,63.1,100.8,119.4,114.1,103.2,89.2,100.9,100.0,86.6,102.1,107.7,108.9,107.8,114.7,122.2,99.3,102.6,106.5,115.0,108.5,104.3,104.5,111.9
1107101000,乗用車,847.5,122.8,123.1,100,97.2,95.1,114.6,108.1,108.3,122.9,120.3,98.4,92.9,98.6,112.9,110.4,129.0,117.1,115.8,129.4,129.3,121.6,123.2,118.1,118.3,59.9,101.3,120.6,111.9,97.6,82.0,97.3,94.6,80.0,99.2,106.6,108.6,108.9,116.1,124.7,102.0,102.9,108.1,119.5,111.1,104.3,104.4,113.4
1107102000,トラック,158.9,124.2,120.9,100,117.2,119.3,114.0,102.8,111.7,124.8,117.9,102.0,115.5,120.5,105.9,107.5,125.6,122.7,120.1,128.4,127.8,120.6,119.9,115.2,115.8,78.2,91.8,114.2,123.6,117.2,110.6,117.6,116.5,108.3,124.0,128.5,121.1,103.5,112.0,119.2,88.9,104.9,108.6,108.9,107.4,110.7,110.3,118.2
1107103000,車体・自動車部品,540.5,124.1,119.4,100,103.6,98.0,110.0,102.1,102.9,123.4,117.0,100.1,100.7,98.6,107.9,103.8,125.9,121.9,119.9,128.7,123.0,119.5,119.2,115.8,113.6,64.0,103.0,119.4,113.9,106.9,92.8,100.7,102.5,89.6,99.0,101.0,104.7,106.1,112.0,117.3,96.3,100.8,103.1,108.1,103.0,101.0,101.8,105.6
1107104000,二輪自動車,16.1,133.5,120.4,100,133.8,147.6,161.1,142.2,162.3,128.3,119.4,99.9,134.2,150.1,162.0,145.0,163.7,123.7,105.3,141.2,143.1,99.7,103.7,135.2,139.2,56.0,90.7,114.1,138.7,132.7,135.7,128.0,140.3,120.1,144.5,185.5,150.4,149.9,159.9,184.1,154.2,124.0,116.3,174.5,165.3,156.4,144.6,183.1
1107200000,輸送機械工業（除．自動車工業）,235.8,115.8,126.0,100,84.8,86.0,93.8,95.6,98.4,117.9,125.9,89.7,82.7,87.9,96.0,96.1,130.2,114.2,107.8,111.0,138.7,119.1,130.9,115.3,138.2,99.4,75.4,87.0,96.9,79.1,84.8,78.4,88.3,80.7,86.8,88.0,96.2,81.6,93.3,104.4,104.7,91.4,99.6,86.9,106.6,90.7,99.2,97.3
1107201000,産業車両,21.5,121.5,111.1,100,116.5,123.6,116.9,111.9,106.1,121.6,109.9,98.9,120.1,122.9,113.5,112.0,113.3,110.0,117.8,145.1,113.5,105.9,129.1,95.8,108.6,91.8,93.9,105.7,104.2,110.0,120.1,131.8,118.7,111.0,125.3,139.5,115.9,106.6,118.7,126.3,102.4,105.6,114.9,124.5,102.9,96.0,111.7,113.7
1107202000,航空機部品,65.3,127.9,140.2,100,67.0,88.1,118.2,142.7,141.2,133.4,144.2,77.1,67.8,97.0,128.0,142.4,123.3,124.8,125.0,138.4,145.5,141.2,139.3,134.8,161.2,60.4,88.7,89.7,69.6,69.2,61.6,67.7,72.9,77.1,95.4,107.2,108.4,103.1,126.7,134.6,147.5,132.3,158.7,132.1,146.3,129.1,139.3,150.0
1107203000,船舶・同機関,133.2,111.1,123.8,100,86.4,76.7,79.3,72.6,79.2,111.5,122.9,93.7,80.9,76.3,79.1,74.1,136.8,114.8,99.0,93.7,138.7,114.1,131.0,111.5,135.0,121.2,64.2,79.6,109.6,77.7,87.3,71.1,87.7,73.8,76.7,68.6,86.2,68.3,76.0,86.8,85.6,72.2,72.0,60.6,91.6,73.1,81.2,71.1
1108000000,窯業・土石製品工業,255.8,115.2,110.0,100,103.0,99.3,94.6,90.6,87.4,114.6,109.0,99.0,102.6,97.7,93.5,89.7,112.1,112.5,113.9,122.2,109.7,107.6,109.5,113.2,105.5,90.3,95.6,108.7,101.3,101.9,100.9,108.0,99.6,98.0,98.5,101.2,93.2,92.0,94.6,98.8,88.4,89.1,89.4,95.3,85.2,86.1,86.5,91.6
1108001000,ガラス・同製品,59.9,118.5,114.4,100,100.5,100.2,103.6,97.1,94.3,117.6,113.0,98.6,99.9,100.3,102.0,96.8,115.2,115.1,116.0,127.6,111.6,114.8,115.3,115.7,106.0,84.9,98.9,110.1,100.6,100.8,95.6,105.0,98.0,96.7,99.8,106.4,98.4,102.6,105.9,107.7,91.8,97.5,96.9,102.3,90.6,93.8,93.4,99.3
1108002000,セメント・同製品,93.1,108.9,105.4,100,97.2,94.2,86.9,81.8,78.2,109.2,104.5,98.1,97.3,92.4,84.8,81.0,105.1,105.2,106.9,118.3,106.4,100.2,103.4,111.8,102.8,92.1,95.5,109.6,95.3,93.8,95.3,104.3,95.7,91.0,92.3,97.6,88.6,82.9,85.6,90.6,80.3,79.9,79.5,87.5,77.1,77.8,75.9,82.2
1108003000,陶磁器・同関連製品,60.4,108.8,105.0,100,110.9,100.4,90.0,90.3,90.2,108.2,105.8,100.9,108.8,96.5,90.5,90.1,105.4,108.4,110.2,111.4,102.7,102.2,105.6,109.3,105.9,89.2,95.1,109.8,109.3,113.0,110.4,110.8,101.0,101.8,102.1,96.8,85.4,87.5,91.6,95.6,87.2,88.3,90.3,95.5,86.2,88.0,92.1,94.4
1108004000,その他の窯業・土石製品,42.4,133.6,121.2,100,108.1,107.9,105.4,100.8,93.7,131.4,117.6,98.5,109.1,107.6,104.4,98.5,133.1,130.6,131.7,138.9,124.3,121.3,120.5,118.9,109.9,95.4,91.7,102.9,104.1,105.4,106.7,116.2,108.2,109.8,105.4,108.3,106.8,103.3,102.6,108.7,103.1,98.8,99.0,102.4,93.9,91.0,92.5,97.5
1109000000,化学工業,1023.2,109.6,108.9,100,103.2,100.9,97.6,96.5,94.9,110.1,106.9,100.2,102.6,100.2,97.1,96.0,107.5,107.3,108.7,114.9,109.5,106.9,109.2,109.8,101.5,93.4,99.7,105.3,102.5,101.3,101.4,107.4,100.1,99.5,100.7,103.3,97.4,95.8,97.1,100.1,95.6,95.0,95.6,99.6,93.6,93.0,94.8,98.0
1110000000,化学工業（除．医薬品）,873.2,111.6,110.7,100,103.4,98.4,93.2,90.2,88.0,111.7,108.6,100.2,102.2,97.2,92.3,89.5,110.7,109.3,109.5,116.7,111.2,108.8,111.4,111.4,102.9,91.6,99.4,106.2,103.5,101.4,101.8,106.9,98.6,96.9,97.7,100.3,93.9,90.8,92.4,95.6,90.6,89.2,88.6,92.6,87.6,86.5,87.1,90.8
1109100000,無機・有機化学工業,537.0,112.3,111.0,100,105.5,96.6,90.6,85.7,83.1,111.9,108.9,100.7,103.5,95.0,89.1,85.1,115.9,107.8,108.6,117.0,114.3,107.7,110.1,112.1,105.7,87.3,98.6,108.4,108.3,102.0,103.2,108.5,100.4,93.0,95.5,97.6,93.9,86.9,89.8,91.8,87.8,83.3,83.5,88.4,85.1,80.8,80.8,85.5
1109101000,無機化学工業製品,85.5,115.4,112.8,100,108.5,105.0,99.0,94.6,90.4,115.8,110.9,101.8,106.4,102.9,97.7,94.7,114.5,109.5,116.0,121.5,116.3,112.1,113.5,109.4,108.7,76.8,98.1,116.5,115.6,105.7,102.8,109.9,107.2,97.7,105.7,109.2,99.1,93.1,101.5,102.3,94.1,94.1,93.6,96.5,94.4,85.2,89.5,92.3
1109102000,石油化学系基礎製品,125.8,108.7,109.3,100,103.7,89.6,87.2,82.4,82.0,109.1,106.2,100.6,98.9,91.3,85.9,81.5,112.4,102.1,104.8,115.7,114.1,101.7,108.3,113.2,101.5,90.6,100.6,107.3,103.9,96.1,103.6,111.1,84.9,84.9,92.8,95.7,91.8,80.9,86.6,89.4,86.6,78.3,79.7,84.8,83.1,78.1,79.1,87.6
1109103000,脂肪族系中間物,33.7,111.0,109.8,100,105.5,92.4,81.1,75.9,68.9,109.1,108.0,100.7,102.7,90.4,78.9,73.6,119.3,107.4,102.3,115.0,111.7,104.0,108.7,114.7,104.6,89.4,98.5,107.6,107.3,101.4,98.4,114.8,96.3,89.5,90.3,93.5,88.3,80.0,73.6,82.6,79.3,73.2,73.0,78.0,70.2,69.2,65.9,70.2
1109104000,環式中間物,76.3,115.2,113.5,100,99.4,93.7,80.0,72.5,66.0,113.9,111.1,97.6,101.8,88.4,77.9,70.2,123.2,110.2,107.7,119.8,117.8,111.0,111.2,113.9,108.4,96.7,96.7,98.3,98.7,93.8,102.5,102.6,108.3,90.9,84.4,91.0,87.4,80.5,79.1,73.1,79.0,67.4,64.9,78.6,69.8,64.5,64.9,64.9
1109105000,プラスチック,170.5,110.7,109.3,100,106.7,98.6,94.4,89.4,88.3,109.9,108.1,101.4,104.9,96.6,92.8,89.5,113.1,107.4,107.5,114.7,109.9,107.7,108.4,111.3,105.2,88.3,98.2,108.4,110.7,105.7,103.0,107.3,103.6,97.1,97.2,96.7,95.4,91.6,93.2,97.3,89.0,87.4,89.3,91.8,89.5,87.3,85.6,90.5
1109106000,その他の有機化学工業製品,45.2,118.9,115.5,100,110.9,101.0,95.0,94.5,92.3,118.8,112.3,101.1,109.3,98.7,94.2,94.0,123.9,118.7,115.5,117.3,123.5,112.9,114.0,111.7,110.6,76.8,98.3,114.2,115.1,111.6,108.5,108.4,108.5,96.6,100.1,98.9,99.1,90.8,93.5,96.9,95.9,95.7,92.3,94.2,93.6,92.2,89.3,94.1
1109200000,化学工業（除．無機・有機化学工業）,486.2,106.7,106.5,100,100.6,105.6,105.3,108.3,107.9,108.2,104.7,99.8,101.5,106.0,106.1,108.0,98.3,106.9,108.9,112.6,104.2,106.1,108.3,107.4,97.0,100.2,101.1,101.8,96.0,100.6,99.5,106.3,99.6,106.9,106.3,109.5,101.3,105.7,105.1,109.2,104.2,107.9,108.9,112.0,103.0,106.5,110.3,111.7
1110300000,化学工業（除．無機・有機化学工業・医薬品）,336.2,110.3,110.2,100,100.0,101.1,97.3,97.5,95.8,111.3,108.2,99.4,100.0,100.7,97.6,96.6,102.6,111.5,111.1,116.1,106.2,110.7,113.4,110.4,98.2,98.5,100.7,102.6,95.7,100.4,99.6,104.3,95.6,103.2,101.0,104.6,94.1,96.9,96.7,101.6,95.0,98.7,96.8,99.2,91.6,95.3,97.2,99.1
1109201000,化学肥料,8.8,111.1,107.4,100,110.1,102.2,78.7,80.9,79.5,108.6,105.6,102.1,104.9,100.2,77.8,81.9,128.1,108.4,90.8,116.9,118.1,103.1,105.9,102.4,111.2,85.4,93.2,110.3,119.6,115.1,93.6,112.2,98.8,115.3,86.5,108.2,90.7,68.0,70.0,85.9,87.3,83.2,66.0,87.1,91.2,75.2,68.3,83.3
1109202000,塗料・印刷インキ,60.8,114.5,111.1,100,101.7,99.5,96.7,94.2,92.5,113.8,109.8,99.3,101.2,98.7,95.3,94.4,109.9,112.7,113.1,122.4,107.1,112.3,112.3,112.8,101.8,93.3,97.4,107.5,99.0,101.7,100.6,105.4,97.1,100.3,98.6,101.9,94.0,96.3,95.0,101.4,88.7,94.9,94.1,99.2,89.4,93.2,91.2,96.1
1109203000,洗剤・界面活性剤,102.0,97.7,98.9,100,101.2,100.7,97.3,93.8,93.9,99.2,99.0,101.5,100.8,100.1,95.7,94.0,84.9,98.8,101.0,105.9,91.2,100.2,104.5,99.6,91.7,99.5,103.2,105.7,97.6,99.5,101.4,106.3,96.0,99.2,100.4,107.2,93.7,97.0,97.2,101.4,87.2,91.4,93.8,102.6,88.0,91.8,94.9,100.8
1109204000,化粧品,164.6,116.6,117.0,100,98.1,101.9,98.6,101.8,99.1,117.9,113.5,98.0,98.7,101.9,100.6,99.8,109.5,119.2,117.7,120.0,114.6,117.1,119.7,116.8,100.2,100.4,100.9,98.5,92.0,99.5,98.4,102.2,94.7,106.1,103.1,103.9,94.6,98.7,98.4,102.6,102.6,105.4,101.3,97.8,94.7,99.4,102.3,100.1
1111000000,石油・石炭製品工業,496.1,115.4,113.8,100,99.1,102.6,99.8,95.1,92.7,114.7,112.3,97.2,100.4,102.6,98.1,93.4,122.2,107.3,114.2,118.0,119.5,105.3,113.3,117.2,113.5,86.8,95.0,104.7,102.2,88.9,97.4,107.8,107.5,94.4,102.1,106.5,107.6,91.2,98.2,102.2,100.9,90.1,90.4,99.1,94.2,85.3,92.0,99.3
1111001000,石油製品,487.5,115.5,113.9,100,99.1,103.0,100.2,95.6,93.2,114.8,112.4,97.1,100.6,103.0,98.5,93.9,122.5,107.2,114.3,118.1,119.8,105.3,113.4,117.3,113.7,86.7,95.1,104.5,102.2,88.6,97.4,108.3,107.9,94.6,102.5,106.8,108.0,91.4,98.5,102.8,101.4,90.5,90.8,99.5,94.8,85.6,92.4,99.9
1111002000,石炭製品,8.6,109.7,107.3,100,94.4,82.7,78.3,71.6,66.8,109.2,106.6,98.9,90.5,82.3,75.5,69.5,107.6,113.3,104.0,113.7,105.7,107.8,104.9,110.9,102.7,92.4,91.7,113.3,98.2,102.1,93.9,83.5,82.6,81.8,80.8,85.5,81.3,80.3,82.0,69.8,69.7,71.5,69.9,75.4,61.3,69.2,67.8,69.0
1112000000,プラスチック製品工業,413.8,108.3,107.1,100,102.4,99.6,98.6,97.4,97.5,108.3,106.8,99.6,101.6,98.5,97.8,98.3,104.6,107.5,107.4,113.4,104.8,107.4,108.0,108.0,103.9,90.7,99.4,106.0,102.2,103.8,99.8,103.6,99.3,99.3,99.6,100.2,95.1,97.6,98.9,103.0,91.7,97.8,98.4,101.9,95.1,97.6,97.2,99.9
1112001000,プラスチック製管・フィルム・シート・建材類,185.4,107.3,104.2,100,102.9,99.3,92.3,92.8,92.6,106.8,103.9,99.8,103.2,97.0,91.5,93.2,102.6,106.1,107.2,113.2,100.8,103.0,106.0,106.9,99.5,99.4,97.9,103.2,98.6,102.7,103.8,106.6,99.6,101.7,98.2,97.8,90.1,92.2,91.7,95.2,87.0,93.3,93.9,97.0,88.4,93.4,92.8,95.9
1112002000,工業用プラスチック製品,142.1,109.7,112.4,100,100.9,99.1,108.7,103.4,102.5,110.5,112.1,99.2,98.5,100.1,107.2,105.2,111.0,106.4,106.1,115.2,114.3,111.6,112.3,111.5,113.0,72.2,100.2,114.5,110.0,102.5,91.8,99.5,100.3,91.7,100.0,104.2,104.5,104.4,109.8,116.0,98.6,101.7,103.7,109.4,106.1,99.4,99.6,104.9
1112003000,発泡プラスチック製品,20.8,110.5,105.0,100,99.3,96.8,93.9,93.5,91.4,110.2,103.3,99.6,98.8,96.3,93.1,93.5,104.7,109.2,108.4,119.5,103.8,104.3,102.4,109.5,96.8,98.0,99.1,106.0,95.3,98.1,99.0,104.9,93.2,97.5,96.2,100.6,90.9,91.9,93.2,99.8,87.6,92.5,93.2,100.7,87.5,90.0,90.6,97.6
1112004000,プラスチック製日用雑貨・容器類,65.5,107.2,104.3,100,104.7,102.4,96.2,99.0,102.0,106.9,105.0,99.7,104.9,100.3,96.5,99.4,96.7,113.1,110.8,108.1,95.8,111.8,106.0,103.6,98.6,103.6,101.9,95.9,97.4,111.5,106.1,103.7,98.3,109.3,103.8,98.3,89.9,99.7,97.9,97.4,91.1,103.9,101.3,99.7,92.8,107.8,106.0,101.2
1113000000,パルプ・紙・紙加工品工業,243.6,114.3,109.4,100,102.4,101.9,94.8,92.5,89.4,113.2,108.2,99.1,103.2,100.3,93.1,92.2,113.3,113.2,111.2,119.4,108.9,107.9,109.8,111.1,103.9,93.1,96.6,106.3,100.5,101.3,100.8,107.1,103.5,100.4,100.7,103.2,96.9,93.2,92.0,97.0,90.3,91.7,91.5,96.7,89.0,89.0,87.3,92.4
1113001000,パルプ,5.7,111.9,107.4,100,114.6,134.7,140.3,160.6,138.4,112.6,103.4,101.2,118.7,137.9,142.4,162.9,118.7,113.8,111.3,103.8,121.5,105.6,100.5,101.9,105.6,90.7,96.3,107.3,110.4,103.9,113.2,130.9,126.8,129.1,137.9,145.1,139.3,124.6,147.6,149.7,147.6,160.0,166.9,167.8,156.8,134.1,129.4,133.2
1113002000,紙,115.3,123.5,116.1,100,100.9,98.9,90.9,86.9,82.5,121.7,113.7,97.9,101.4,97.2,88.6,86.4,126.7,121.0,118.9,127.2,119.8,113.9,115.4,115.2,110.1,90.3,94.5,105.1,101.8,98.2,99.2,104.5,103.8,96.0,96.3,99.4,97.0,88.9,87.4,90.3,87.8,84.7,85.5,89.7,85.5,81.2,79.6,83.7
1113003000,板紙,79.7,104.4,101.5,100,105.5,106.3,98.8,97.7,96.7,104.0,101.4,101.0,106.5,104.3,97.6,97.4,100.2,104.2,102.4,110.8,98.6,100.4,101.0,106.0,98.2,95.3,98.8,107.8,102.2,106.4,104.0,109.3,106.2,105.7,107.3,105.8,98.4,98.1,95.4,103.2,93.5,98.2,97.0,101.9,92.4,96.7,96.5,101.3
1113004000,紙加工品,42.9,108.2,106.5,100,99.1,97.8,91.7,89.1,88.1,107.2,106.8,98.7,99.7,96.1,90.4,89.1,100.8,109.1,106.5,116.4,96.7,106.5,111.9,110.9,97.9,97.1,98.3,106.7,92.6,99.5,97.5,106.9,94.8,98.3,95.3,102.7,88.2,91.6,90.4,96.4,83.1,89.2,87.5,96.7,83.1,89.9,85.3,94.0
1114000000,食料品・たばこ工業,1332.8,104.3,103.7,100,98.6,98.1,97.4,97.4,96.5,104.4,103.2,99.3,98.3,98.2,97.3,97.6,96.3,107.5,106.7,106.7,96.8,106.8,106.0,105.2,94.7,102.6,102.5,100.2,92.0,101.2,99.7,101.4,91.0,100.7,100.8,99.7,91.6,98.6,99.0,100.3,91.2,98.8,98.9,100.6,92.2,96.4,97.9,99.6
1114001000,肉加工品,130.4,98.7,99.1,100,99.8,99.3,98.5,97.2,97.0,98.9,99.4,99.5,100.3,99.2,98.2,97.0,91.8,101.8,96.1,104.9,92.8,100.3,96.7,106.5,94.1,101.5,97.4,107.0,92.0,101.7,99.9,105.4,94.0,101.4,97.3,104.4,93.8,99.0,95.9,105.2,92.8,99.1,95.1,101.7,92.1,97.7,95.0,103.1
1114002000,乳製品,147.3,99.5,98.9,100,99.9,98.8,97.2,96.7,95.1,99.3,99.5,99.8,99.9,98.5,96.8,96.5,96.6,102.7,99.8,98.8,95.8,101.4,99.7,98.8,98.0,102.6,101.2,98.2,97.0,102.8,100.5,99.1,97.0,101.3,99.8,97.2,95.5,99.7,97.9,95.5,94.0,98.9,97.3,96.5,93.4,97.7,95.5,93.7
1114003000,水産・野菜食料品,64.9,100.3,101.5,100,105.3,111.5,108.0,100.7,93.9,101.2,100.8,101.2,108.2,111.7,105.4,99.2,98.0,92.6,96.0,114.8,101.3,94.3,98.5,111.7,98.8,94.8,96.0,110.5,103.7,100.6,100.3,116.5,115.1,106.5,103.9,120.6,115.9,103.4,99.7,112.8,105.6,97.3,93.4,106.5,99.5,92.5,85.6,98.1
1114004000,食用油脂,34.7,103.8,104.3,100,100.0,96.4,94.5,96.5,96.0,104.1,103.8,99.7,99.1,95.6,95.2,96.3,99.9,106.1,101.5,107.8,100.9,105.9,101.8,108.4,99.3,98.1,97.8,104.9,98.0,104.1,96.8,101.3,94.1,101.5,92.1,98.0,90.7,95.1,93.1,98.8,93.6,99.2,93.2,99.8,93.0,96.7,93.9,100.3
1114005000,調味料,40.5,103.8,103.2,100,99.7,98.8,98.1,98.5,98.6,103.7,103.2,99.6,99.9,98.4,97.4,98.4,96.5,105.4,101.6,111.7,96.1,103.7,101.9,111.2,96.1,96.0,99.8,108.1,94.4,102.1,95.3,106.9,95.1,99.0,97.2,103.8,93.7,97.9,95.9,104.7,91.3,99.1,97.2,106.4,90.6,99.7,97.5,106.7
1114006000,糖類,32.3,109.9,107.2,100,99.9,101.2,101.5,102.0,100.5,109.7,106.9,98.9,99.7,102.0,101.4,101.6,98.5,118.0,112.0,111.0,97.6,115.9,107.1,108.3,96.2,101.3,101.6,101.0,91.8,104.6,101.7,101.4,90.9,108.6,104.5,100.9,94.0,106.3,104.6,101.2,93.7,107.3,104.1,102.9,92.2,107.9,103.0,98.8
1114007000,製粉・調整粉,52.1,103.3,102.0,100,99.1,97.7,97.5,99.4,99.6,103.0,102.1,99.1,98.8,97.9,97.7,99.3,99.3,104.3,99.8,109.7,98.3,102.1,101.0,106.4,99.0,100.4,97.2,103.5,95.3,99.8,95.3,106.2,93.7,102.1,93.0,101.9,94.4,100.0,93.7,101.7,95.3,100.3,96.6,105.2,95.0,100.8,97.9,104.8
1114008000,パン・菓子,124.1,99.4,99.5,100,99.3,96.2,94.9,95.3,95.9,98.7,100.0,99.8,98.6,96.2,94.6,94.8,101.4,99.0,95.0,102.2,98.6,100.2,96.5,102.6,100.6,103.9,94.7,100.9,99.8,102.3,96.7,98.6,96.8,99.9,92.6,95.4,96.8,98.3,91.0,93.5,95.7,98.8,91.6,94.9,93.8,101.7,90.9,97.2
1114009000,麺類,99.9,98.5,98.4,100,99.3,98.0,97.1,96.3,98.3,98.6,99.0,100.2,98.5,97.8,96.9,96.3,97.6,99.6,95.1,101.7,97.9,101.2,95.0,99.4,100.2,106.3,93.3,100.1,100.8,100.9,94.8,100.7,97.7,99.3,94.5,100.5,96.8,98.5,94.7,98.3,96.3,98.7,92.1,98.3,96.1,101.4,94.6,101.2
1114010000,清涼飲料,118.4,105.1,104.8,100,98.5,97.4,95.2,95.1,95.3,105.2,103.0,99.5,97.5,98.7,95.2,95.3,88.3,121.2,119.7,91.1,88.8,122.6,115.6,92.4,81.6,117.5,112.0,89.0,79.5,108.2,112.4,93.7,75.8,106.8,118.2,88.7,81.0,96.0,113.5,90.3,81.1,94.7,115.5,89.0,81.8,92.0,114.6,92.5
1114011000,酒類,299.9,101.7,105.2,100,98.1,99.2,100.2,102.2,101.4,103.7,104.4,99.5,97.7,99.3,101.1,104.1,83.4,105.6,103.8,114.2,91.1,106.9,112.1,110.6,88.0,101.5,106.2,104.3,86.1,101.2,96.5,108.6,84.6,102.2,108.0,102.1,84.9,101.2,105.7,109.0,88.5,103.0,105.9,111.5,95.9,95.7,105.1,108.7
1115000000,その他工業,558.2,115.8,113.8,100,104.3,103.2,98.2,93.9,93.4,115.6,112.2,98.8,104.5,102.0,96.6,93.9,117.7,114.7,112.0,118.9,116.8,113.2,112.4,112.8,110.4,90.4,94.1,105.0,105.6,104.8,100.9,106.0,106.2,102.7,100.3,103.7,101.4,97.8,94.0,99.6,95.1,93.3,91.0,96.2,94.9,93.3,90.3,95.1
1115100000,繊維工業,123.3,116.0,111.9,100,99.8,100.6,93.7,92.6,90.8,115.5,110.9,97.7,100.5,98.8,92.7,92.7,119.3,117.5,111.4,115.7,117.3,112.7,108.8,108.9,113.2,97.2,90.8,98.6,104.0,101.5,94.7,99.2,106.6,102.4,95.1,98.3,99.6,96.2,87.7,91.3,95.7,95.0,88.6,91.1,96.2,93.1,86.0,88.1
1115101000,繊維,38.1,120.6,115.9,100,106.7,109.1,95.0,94.4,91.4,120.0,115.4,98.1,109.2,106.3,94.3,94.7,118.3,121.4,121.3,121.5,115.7,114.5,117.7,115.7,113.7,90.5,94.5,101.3,105.9,107.6,106.0,107.5,115.7,107.7,107.5,105.6,104.5,95.7,92.1,87.8,101.4,95.0,92.4,88.7,102.8,89.9,86.8,86.0
1115102000,織物,17.0,116.7,118.2,100,103.4,102.3,97.4,99.2,102.9,117.6,116.6,97.9,103.7,100.7,96.7,101.0,112.5,120.9,114.4,119.0,116.1,122.3,120.1,114.1,110.0,100.2,88.2,101.6,101.4,104.5,102.1,105.7,102.3,106.1,99.9,100.9,95.8,99.3,94.4,100.0,93.3,97.4,102.5,103.5,100.5,103.3,101.7,106.2
1115103000,染色整理,16.8,117.3,114.7,100,102.0,101.7,101.3,95.6,93.0,116.8,113.8,97.4,102.1,102.2,99.1,95.5,115.2,119.1,114.2,120.8,113.1,115.3,112.9,117.5,109.6,97.3,90.6,102.5,99.2,101.9,101.0,105.7,99.8,100.8,100.1,106.1,101.6,102.0,99.5,102.1,92.8,96.6,93.4,99.4,92.5,94.6,90.8,94.0
1115104000,繊維製品・粗製品,51.4,111.8,106.0,100,92.9,93.3,89.0,88.1,85.7,111.0,104.7,97.5,92.5,91.6,88.2,87.6,123.6,113.0,102.2,108.6,120.3,107.4,97.0,99.3,115.2,101.3,89.1,94.4,105.0,95.9,81.9,88.8,103.5,97.7,82.6,89.5,96.5,93.6,78.4,87.6,93.2,93.8,79.5,86.0,91.0,91.5,78.7,81.7
1115200000,木材・木製品工業,90.1,109.7,112.0,100,108.2,102.7,94.5,88.5,91.8,110.6,110.2,99.6,108.9,99.8,93.2,89.6,105.6,110.0,108.1,115.2,109.2,112.3,112.5,114.0,101.8,96.0,95.2,106.9,100.1,111.7,109.5,111.3,102.8,107.4,100.5,100.0,91.4,94.7,92.1,99.8,86.1,87.3,86.6,93.9,90.5,92.6,89.2,95.0
1115201000,木材・木製品,90.1,109.7,112.0,100,108.2,102.7,94.5,88.5,91.8,110.6,110.2,99.6,108.9,99.8,93.2,89.6,105.6,110.0,108.1,115.2,109.2,112.3,112.5,114.0,101.8,96.0,95.2,106.9,100.1,111.7,109.5,111.3,102.8,107.4,100.5,100.0,91.4,94.7,92.1,99.8,86.1,87.3,86.6,93.9,90.5,92.6,89.2,95.0
1115300000,家具工業,48.3,108.5,109.5,100,102.1,100.5,96.8,96.8,95.3,108.1,109.3,98.8,100.4,99.9,96.4,96.4,126.3,97.8,100.7,109.2,124.5,98.3,107.1,108.2,123.7,83.4,92.2,100.7,119.0,95.1,94.1,100.0,112.3,91.5,95.3,103.0,109.8,89.4,89.4,98.6,108.4,87.6,90.9,100.4,106.6,86.8,89.1,98.9
1115301000,家具,48.3,108.5,109.5,100,102.1,100.5,96.8,96.8,95.3,108.1,109.3,98.8,100.4,99.9,96.4,96.4,126.3,97.8,100.7,109.2,124.5,98.3,107.1,108.2,123.7,83.4,92.2,100.7,119.0,95.1,94.1,100.0,112.3,91.5,95.3,103.0,109.8,89.4,89.4,98.6,108.4,87.6,90.9,100.4,106.6,86.8,89.1,98.9
1115400000,印刷業,145.9,114.1,110.8,100,99.9,98.0,93.3,88.9,86.1,113.7,108.9,98.8,99.2,97.8,91.0,88.1,115.5,113.4,110.5,116.9,113.9,111.1,109.0,109.3,106.1,93.9,95.1,104.8,101.3,99.9,96.5,102.1,98.5,98.2,95.1,100.0,97.9,92.8,89.0,93.3,89.0,88.4,86.5,91.5,86.0,86.0,83.1,89.1
1115401000,印刷,145.9,114.1,110.8,100,99.9,98.0,93.3,88.9,86.1,113.7,108.9,98.8,99.2,97.8,91.0,88.1,115.5,113.4,110.5,116.9,113.9,111.1,109.0,109.3,106.1,93.9,95.1,104.8,101.3,99.9,96.5,102.1,98.5,98.2,95.1,100.0,97.9,92.8,89.0,93.3,89.0,88.4,86.5,91.5,86.0,86.0,83.1,89.1
1115500000,ゴム製品工業,103.8,121.0,119.4,100,111.2,110.7,109.2,102.0,102.7,121.2,117.3,100.2,111.4,110.0,106.8,102.4,118.9,119.6,117.7,127.7,119.6,120.4,120.0,117.7,110.9,76.4,97.8,114.9,111.9,110.7,107.7,114.3,112.8,106.9,110.5,112.7,109.9,107.3,106.4,113.2,100.1,101.6,100.3,106.2,101.6,102.0,101.4,105.9
1115501000,ゴム製品,103.8,121.0,119.4,100,111.2,110.7,109.2,102.0,102.7,121.2,117.3,100.2,111.4,110.0,106.8,102.4,118.9,119.6,117.7,127.7,119.6,120.4,120.0,117.7,110.9,76.4,97.8,114.9,111.9,110.7,107.7,114.3,112.8,106.9,110.5,112.7,109.9,107.3,106.4,113.2,100.1,101.6,100.3,106.2,101.6,102.0,101.4,105.9
1115600000,その他製品工業,46.8,129.0,123.5,100,109.5,114.1,109.4,102.6,103.5,127.0,122.0,97.0,111.7,112.4,108.6,101.4,132.2,127.6,124.2,131.8,124.6,122.9,120.7,125.9,118.5,89.6,90.4,101.5,106.4,112.0,106.2,113.3,115.3,111.1,112.9,117.1,108.5,111.3,106.5,111.4,105.4,102.7,99.8,102.6,100.4,105.8,102.7,105.1
1115601000,時計,12.4,164.8,144.0,100,102.1,112.2,104.1,85.8,97.2,156.0,142.3,91.9,104.5,111.2,101.4,84.3,168.4,154.9,166.3,169.7,133.1,142.0,146.2,154.7,126.0,83.7,90.5,99.9,93.3,107.4,96.3,111.5,102.8,106.2,119.3,120.6,98.6,108.1,101.6,108.1,87.9,89.7,81.8,83.8,82.0,98.5,103.1,105.3
1115602000,楽器,5.5,115.9,120.6,100,117.4,109.5,103.4,94.8,87.8,119.8,119.9,96.9,120.3,104.8,103.8,90.3,107.0,120.0,109.8,126.8,122.7,125.9,113.6,120.3,120.0,74.2,85.8,120.0,107.5,116.1,121.0,124.9,119.2,100.4,105.9,112.5,100.6,110.8,98.4,103.7,102.4,97.3,84.9,94.4,84.7,101.1,79.2,86.2
1115603000,玩具,8.8,94.1,97.9,100,110.9,113.4,115.5,116.1,119.4,93.6,96.6,104.9,111.2,114.0,113.5,117.9,95.9,100.0,86.7,93.7,93.9,101.9,96.1,99.8,88.6,97.5,103.5,110.5,108.1,114.4,112.6,108.5,109.3,117.3,114.5,112.5,111.7,117.3,117.7,115.2,103.8,115.6,123.9,121.2,110.8,121.7,123.8,121.2
1115604000,文具,16.8,122.7,122.2,100,115.5,121.3,115.3,113.2,108.0,123.9,120.8,97.5,118.9,118.4,116.4,111.3,125.3,123.2,116.4,125.9,130.0,119.4,117.4,121.9,124.3,94.3,85.8,95.6,114.3,118.7,109.4,119.6,127.8,119.6,114.2,123.6,116.2,115.2,110.8,119.0,120.7,110.7,108.6,112.9,113.1,108.3,103.2,107.3
1115605000,皮革製品,3.3,140.7,126.5,100,89.6,94.1,93.7,89.2,88.0,135.8,123.5,92.7,89.5,94.7,91.6,89.3,169.7,134.1,130.0,129.2,150.1,119.4,119.7,116.8,138.0,93.7,86.2,82.1,109.0,83.0,84.9,81.3,108.7,86.8,90.2,90.5,111.3,89.0,87.0,87.7,102.6,85.9,83.7,84.7,103.0,85.7,81.2,82.3
1200000000,鉱業,14.0,108.9,106.7,100,103.1,100.1,93.9,93.3,92.6,108.2,105.7,100.3,103.2,97.3,94.0,93.1,119.3,101.1,103.2,112.0,116.3,101.9,99.9,108.6,112.4,89.7,90.8,107.1,113.6,96.9,95.7,106.1,114.3,95.6,91.0,99.3,103.0,87.3,88.3,96.9,103.5,85.5,87.4,96.9,102.4,86.6,87.4,93.9
4010000000,産業総合（鉱工業、電力・ガス・熱供給・水道事業）,11000.3,113.9,111.1,100,104.1,103.8,102.9,99.9,99.6,113.4,109.6,99.7,103.7,103.5,101.9,100.1,115.7,110.5,112.8,116.7,113.7,108.2,112.8,109.7,107.8,87.5,98.5,106.2,106.7,102.2,101.6,105.9,105.1,98.8,105.7,105.7,103.8,99.3,103.5,105.3,99.5,96.4,100.8,103.0,100.2,96.3,99.8,102.2
4010000001,産業総合（鉱工業、電力・ガス・熱供給）,10903.8,114.1,111.2,100,104.2,103.9,103.0,99.9,99.7,113.6,109.7,99.7,103.8,103.6,101.9,100.1,115.9,110.6,113.0,116.8,113.8,108.2,112.9,109.8,107.9,87.4,98.4,106.2,106.8,102.3,101.6,105.9,105.2,98.8,105.8,105.8,103.8,99.3,103.5,105.3,99.5,96.4,100.8,103.0,100.3,96.3,99.8,102.3
4010000100,電力・ガス・熱供給・水道事業,1000.3,104.5,102.6,100,101.6,103.3,100.0,100.7,101.2,103.7,102.0,100.4,102.8,101.3,100.3,100.8,113.0,93.3,110.7,101.0,109.9,93.1,107.5,99.8,107.6,88.1,104.3,100.0,109.3,90.9,104.4,101.7,114.2,92.2,107.8,99.1,106.2,88.0,109.2,96.4,107.5,87.6,110.8,96.8,108.2,89.3,110.5,96.8
4010000110,電力・ガス・熱供給,903.8,105.0,102.9,100,101.8,103.8,100.1,100.8,101.3,104.1,102.2,100.5,103.3,101.6,100.4,101.0,114.6,92.6,111.6,101.0,111.3,92.5,108.1,99.7,108.5,87.1,104.5,99.9,110.4,90.1,104.9,101.9,116.1,91.6,108.6,99.1,107.2,86.9,110.1,96.0,108.5,86.5,111.9,96.4,109.3,88.3,111.4,96.3
4080000100,機械工業,4392.8,118.6,114.9,100,106.4,107.2,109.4,104.5,106.0,117.8,113.0,100.1,105.4,107.6,107.8,105.2,123.8,113.7,116.2,120.9,120.2,110.7,117.6,111.1,112.4,80.2,97.9,109.5,112.9,104.9,101.0,106.7,109.0,98.0,111.0,110.7,110.6,104.5,109.3,113.1,104.3,99.6,105.3,109.0,107.1,102.0,104.7,110.1
4080000200,非機械工業,5593.2,112.0,109.6,100,102.8,101.3,98.4,96.2,94.4,111.8,108.4,99.3,102.5,100.7,97.5,96.0,109.9,111.0,110.7,116.2,109.2,108.9,110.1,110.4,104.3,93.1,97.9,104.7,101.5,102.2,101.6,105.9,100.4,100.6,101.2,103.0,97.9,97.2,97.9,100.8,94.3,95.5,95.5,99.4,93.4,93.2,94.0,97.1
4110000000,<旧分類>はん用・生産用・業務用機械工業,1277.0,122.9,113.2,100,115.8,124.0,115.7,111.7,111.6,120.6,110.8,101.4,118.2,122.8,114.7,110.9,130.0,117.2,122.4,122.1,120.9,107.3,116.4,108.2,111.2,88.8,93.5,106.5,116.7,111.7,115.0,119.8,126.2,114.5,130.5,124.7,121.7,111.5,113.7,116.1,117.4,105.6,108.6,115.4,114.1,107.6,108.6,116.2
4100000100,<旧特掲>普通鋼鋼材,260.3,121.3,116.4,100,109.7,104.9,102.9,98.4,93.5,120.6,114.5,98.9,110.0,103.7,101.9,97.1,122.2,120.7,115.0,127.1,119.4,116.3,117.1,112.6,112.1,91.3,93.9,102.7,107.9,108.7,109.6,112.7,108.8,106.9,99.7,104.3,103.9,103.8,103.3,100.6,99.9,98.7,97.0,98.1,94.4,93.0,93.3,93.4
4100000200,<旧特掲>特殊鋼鋼材,175.7,138.4,127.8,100,122.7,112.5,106.0,100.0,99.2,136.2,123.9,101.2,121.2,109.7,104.5,99.3,143.3,137.5,131.4,141.4,134.7,127.9,126.1,122.4,119.3,82.1,86.2,112.4,124.2,123.6,123.3,119.8,118.0,111.6,109.3,111.2,106.7,102.9,106.8,107.4,100.6,97.0,100.0,102.5,97.8,99.1,101.2,98.6
4100000300,<旧特掲>乗用車・トラック,1006.4,123.0,122.7,100,100.4,98.9,114.5,107.3,108.8,123.2,119.9,99.0,96.5,102.1,111.8,109.9,128.5,118.0,116.5,129.2,129.1,121.4,122.6,117.6,117.9,62.7,99.8,119.6,113.7,100.7,86.5,100.5,98.1,84.5,103.1,110.1,110.6,108.0,115.5,123.8,99.9,103.2,108.2,117.8,110.5,105.3,105.3,114.2
4100000400,<旧特掲>石油化学製品,348.8,110.6,110.3,100,104.3,93.4,87.1,81.9,80.0,110.3,108.0,100.2,102.3,91.9,85.5,81.1,115.2,106.0,105.8,115.5,114.0,106.0,108.8,112.4,104.7,89.6,98.9,106.8,105.6,100.3,102.7,108.8,97.3,89.7,92.6,94.1,91.3,84.2,85.1,87.7,85.0,79.1,78.6,84.7,81.8,78.0,77.3,82.9
